Time elapsed (s),Time Elapsed (min),Tdb_in (C),Twb_in (C),RH_in,Tdb_out (C),Twb_out(C),RH_out(C),Q_dot_air_TriCoil (CFM),dP_nozzle_TriCoil (in W.G.),Pin_nozzle_TriCoil (in W.G),Outdoor Temp (C),Atm Pressure (PSI),Heater Output (kW),FMWP,FMEP,LBWP,LBEP,Steam Humidifier (%),Q_dot_air_wt (CFM),dP_nozzle (in W.G.),Pin_nozzle (PSIG),m_dot_r (kg/h),T_evap_in (C),P_evap_in_coolprop (PSI),T_evap_out (C),P_evap_out (PSIG),T_evap_sat (C),SH (K),T_exv_in (C),P_exv_in (PSIG),T_cond_sat (C),SC (K),m_dot_w (kg/h),T_w_in (C),P_w_in (PSIG),T_w_out (C),dp_w (in W.G.),Water Heater (% of total capacity),T_evap_out_TC (C),SH_TC (K),Water Reverse Flow,TriCoil Refr. Reverse Flow,Q_ref (tons),Q_air (tons),Q_w (tons),Inlet Air Dew Point (C),Outlet Air Dew Point (C),Inlet Air Humdity Ratio (kg/kg),Outlet Air Humidity Ratio (kg/kg),TriCoil Outlet (11),TriCoil Outlet (12),TriCoil Outlet (13),TriCoil Outlet (21),TriCoil Outlet (22),TriCoil Outlet (23),TriCoil Outlet (31),TriCoil Outlet (32),TriCoil Outlet (33),TriCoil Outlet (41),TriCoil Outlet (42),TriCoil Outlet (43),TriCoil Outlet (51),TriCoil Outlet (52),TriCoil Outlet (53) ,TriCoil Outlet (Avg),DB2_TC,,,Heat Balance (%)
3757868710,0,21.011,17.847,18.425,20.434,12.301,17.561,141.794,0.008,398.354,23.123,14.377,0,0,0,0,0,0,98.492,0.001,0,265.608,12.167,153.056,15.685,143.63,10.293,5.356,25.169,250.032,28.774,3.598,1054.836,34.828,21.362,23.667,-22.398,35.057,20.451,10.157,0,0,4.019,0.336,3.906,16.207,5.635,0.012,0.006,19.631,20.112,20.517,20.804,20.588,20.822,18.749,18.701,18.673,20.452,20.315,20.054,17.661,17.907,17.567,19.508,20.559,3428,1769,2.851735016
3757868711,0.02911667,21.003,17.845,18.426,20.413,12.285,17.562,154.598,0.009,398.354,23.135,14.377,0,0,0,0,0,0,98.494,0.001,0,265.215,12.168,153.087,15.665,143.811,10.332,5.298,25.177,249.724,28.729,3.546,1055.159,34.835,21.384,23.671,-22.389,35.07,20.45,10.118,0,0,4.011,0.355,3.908,16.208,5.617,0.012,0.006,19.636,20.118,20.523,20.808,20.59,20.826,18.771,18.735,18.687,20.444,20.323,20.05,17.652,17.905,17.555,19.508,20.566,3428,1769,2.601338553
3757868713,0.058899999,20.989,17.845,18.426,20.445,12.28,17.562,146.987,0.011,398.354,23.118,14.376,0,0,0,0,0,0,98.49,0.001,0,264.97,12.183,153.092,15.648,143.899,10.351,5.261,25.184,249.707,28.727,3.537,1054.752,34.842,21.359,23.655,-22.387,35.038,20.452,10.101,0,0,4.007,0.388,3.915,16.216,5.573,0.012,0.006,19.625,20.11,20.522,20.785,20.582,20.828,18.751,18.735,18.701,20.448,20.308,20.045,17.643,17.899,17.554,19.513,20.546,3428,1769,2.322645797
3757868715,0.093466663,20.999,17.857,18.426,20.435,12.3,17.562,151.251,0.01,398.338,23.141,14.377,0,0,0,0,0,0,98.498,0.001,0,265.187,12.163,153.17,15.676,143.737,10.316,5.325,25.179,249.752,28.733,3.548,1055.978,34.837,21.377,23.654,-22.393,35.04,20.459,10.143,0,0,4.011,0.368,3.918,16.229,5.633,0.012,0.006,19.622,20.095,20.529,20.77,20.578,20.824,18.74,18.748,18.699,20.434,20.298,20.05,17.646,17.91,17.542,19.507,20.555,3428,1769,2.345819145
3757868717,0.123283331,20.992,17.836,18.425,20.442,12.283,17.678,126.418,0.01,398.346,23.137,14.377,0,0,0,0,0,0,98.495,0.001,0,265.213,12.159,153.069,15.674,143.884,10.348,5.291,25.171,249.684,28.723,3.546,1055.035,34.818,21.401,23.666,-22.394,35.028,20.445,10.098,0,0,4.011,0.378,3.903,16.199,5.583,0.012,0.006,19.645,20.11,20.539,20.754,20.575,20.816,18.738,18.749,18.72,20.442,20.306,20.053,17.645,17.916,17.564,19.51,20.555,3428,1769,2.729340409
3757868719,0.147266666,20.994,17.833,18.426,20.453,12.287,17.678,126.42,0.007,398.346,23.133,14.378,0,0,0,0,0,0,98.498,0.001,0,265.153,12.162,153.049,15.637,143.79,10.327,5.275,25.185,249.816,28.743,3.551,1054.782,34.846,21.373,23.653,-22.396,35.021,20.434,10.107,0,0,4.009,0.316,3.917,16.192,5.581,0.012,0.006,19.647,20.119,20.542,20.751,20.572,20.813,18.741,18.752,18.714,20.442,20.279,20.062,17.656,17.912,17.571,19.506,20.545,3428,1769,2.321473631
3757868720,0.177500002,20.994,17.851,18.426,20.416,12.298,17.562,131.923,0.011,398.378,23.132,14.376,0,0,0,0,0,0,98.5,0.001,0,265.142,12.169,153.066,15.638,143.731,10.315,5.288,25.172,249.777,28.737,3.559,1054.756,34.837,21.361,23.641,-22.38,35.034,20.443,10.128,0,0,4.01,0.316,3.918,16.222,5.646,0.012,0.006,19.646,20.118,20.512,20.75,20.575,20.813,18.742,18.749,18.733,20.441,20.293,20.052,17.661,17.92,17.588,19.506,20.559,3428,1769,2.320887992
3757868722,0.206466667,20.994,17.832,18.426,20.431,12.3,17.562,144.712,0.008,398.322,23.132,14.377,0,0,0,0,0,0,98.495,0.001,0,265.154,12.163,153.1,15.651,143.866,10.343,5.272,25.192,249.723,28.729,3.531,1054.833,34.813,21.403,23.645,-22.391,35.033,20.45,10.106,0,0,4.009,0.329,3.908,16.191,5.636,0.012,0.006,19.657,20.122,20.537,20.741,20.569,20.819,18.73,18.731,18.719,20.431,20.286,20.063,17.668,17.925,17.591,19.512,20.551,3428,1769,2.551471517
3757868724,0.236266669,21.014,17.836,18.426,20.424,12.321,17.561,151.293,0.009,398.354,23.14,14.377,0,0,0,0,0,0,98.494,0.001,0,265.611,12.155,153.071,15.638,143.88,10.347,5.256,25.188,249.765,28.735,3.541,1054.861,34.829,21.356,23.649,-22.398,35.048,20.455,10.108,0,0,4.016,0.36,3.912,16.186,5.695,0.012,0.006,19.643,20.098,20.546,20.756,20.578,20.834,18.747,18.753,18.711,20.432,20.303,20.074,17.673,17.932,17.577,19.507,20.559,3428,1769,2.623612513
3757868726,0.265750003,21.009,17.849,18.426,20.44,12.317,17.676,161.716,0.01,398.346,23.125,14.377,0,0,0,0,0,0,98.493,0.001,0,265.152,12.177,153.031,15.65,143.734,10.315,5.3,25.193,249.719,28.728,3.53,1054.891,34.817,21.357,23.622,-22.401,35.067,20.455,10.14,0,0,4.01,0.377,3.918,16.211,5.668,0.012,0.006,19.632,20.081,20.522,20.738,20.547,20.802,18.74,18.722,18.685,20.413,20.287,20.089,17.656,17.913,17.574,19.5,20.557,3428,1769,2.320887992
3757868727,0.294766665,21.01,17.848,18.426,20.411,12.301,17.678,141.489,0.012,398.354,23.117,14.377,0,0,0,0,0,0,98.497,0.001,0,265.57,12.171,153.136,15.626,143.719,10.312,5.278,25.201,249.783,28.738,3.531,1054.687,34.821,21.317,23.631,-22.389,35.057,20.476,10.163,0,0,4.015,0.404,3.916,16.208,5.66,0.012,0.006,19.64,20.096,20.527,20.767,20.561,20.822,18.746,18.744,18.757,20.424,20.297,20.078,17.659,17.927,17.569,19.508,20.565,3428,1769,2.496532594
3757868729,0.324333334,21.018,17.861,18.426,20.445,12.284,17.562,154.346,0.009,398.362,23.159,14.377,0,0,0,0,0,0,98.49,0.001,0,265.179,12.18,153.111,15.627,143.745,10.318,5.273,25.188,249.973,28.765,3.571,1054.92,34.825,21.368,23.652,-22.419,34.998,20.48,10.162,0,0,4.01,0.356,3.91,16.225,5.58,0.012,0.006,19.644,20.117,20.535,20.753,20.567,20.824,18.761,18.755,18.749,20.416,20.296,20.071,17.647,17.917,17.572,19.506,20.56,3428,1769,2.525252525
3757868731,0.353933334,21.009,17.861,18.427,20.447,12.293,17.563,131.885,0.011,398.362,23.152,14.377,0,0,0,0,0,0,98.495,0.001,0,265.481,12.163,153.152,15.641,143.743,10.318,5.288,25.175,249.812,28.742,3.561,1054.723,34.841,21.36,23.637,-22.4,35.023,20.485,10.167,0,0,4.015,0.387,3.921,16.23,5.602,0.012,0.006,19.648,20.121,20.533,20.763,20.573,20.819,18.768,18.764,18.762,20.434,20.298,20.073,17.646,17.928,17.561,19.5,20.553,3428,1769,2.368951613
3757868733,0.38361667,21.021,17.837,18.426,20.413,12.308,17.562,139.93,0.008,398.346,23.111,14.378,0,0,0,0,0,0,98.498,0.001,0,265.45,12.168,153.071,15.621,143.886,10.348,5.238,25.178,249.873,28.751,3.567,1055.6,34.845,21.34,23.627,-22.392,35.018,20.469,10.121,0,0,4.013,0.329,3.929,16.185,5.674,0.012,0.006,19.655,20.101,20.536,20.755,20.546,20.804,18.747,18.782,18.759,20.408,20.305,20.064,17.654,17.929,17.56,19.496,20.564,3428,1769,2.115336187
3757868735,0.4137,21.017,17.843,18.426,20.434,12.307,17.563,128.83,0.009,398.378,23.105,14.377,0,0,0,0,0,0,98.487,0.001,0,265.126,12.171,153.094,15.639,143.823,10.335,5.269,25.177,249.705,28.727,3.544,1055.991,34.846,21.373,23.626,-22.39,35.016,20.486,10.151,0,0,4.009,0.349,3.931,16.197,5.649,0.012,0.006,19.656,20.114,20.525,20.766,20.55,20.816,18.751,18.778,18.767,20.406,20.291,20.048,17.662,17.935,17.584,19.502,20.559,3428,1769,1.964735516
3757868736,0.438250001,20.995,17.833,18.425,20.434,12.313,17.562,128.83,0.007,398.354,23.128,14.376,0,0,0,0,0,0,98.494,0.001,0,265.201,12.147,153.108,15.635,143.903,10.352,5.248,25.167,249.881,28.752,3.579,1055.93,34.846,21.385,23.615,-22.4,35.015,20.483,10.132,0,0,4.01,0.32,3.935,16.191,5.665,0.012,0.006,19.649,20.115,20.537,20.758,20.542,20.796,18.754,18.782,18.757,20.412,20.28,20.039,17.648,17.933,17.593,19.499,20.559,3428,1769,1.887979862
3757868738,0.473283331,21.018,17.836,18.426,20.43,12.291,17.562,134.556,0.008,398.314,23.113,14.377,0,0,0,0,0,0,98.494,0.001,0,265.404,12.16,152.994,15.618,143.82,10.334,5.249,25.18,249.723,28.729,3.543,1054.794,34.829,21.408,23.626,-22.404,34.972,20.489,10.156,0,0,4.013,0.322,3.92,16.184,5.615,0.012,0.006,19.644,20.107,20.532,20.759,20.534,20.798,18.741,18.771,18.767,20.409,20.289,20.056,17.645,17.935,17.606,19.505,20.563,3428,1769,2.344636329
3757868740,0.509333332,21.008,17.852,18.427,20.421,12.323,17.654,138.462,0.008,398.346,23.153,14.377,0,0,0,0,0,0,98.495,0.001,0,265.074,12.179,153.058,15.597,143.794,10.328,5.233,25.152,249.817,28.743,3.584,1054.118,34.822,21.37,23.655,-22.407,35.02,20.495,10.167,0,0,4.008,0.335,3.905,16.215,5.703,0.012,0.006,19.651,20.091,20.542,20.792,20.536,20.822,18.755,18.774,18.768,20.431,20.296,20.049,17.648,17.93,17.601,19.497,20.563,3428,1769,2.603311007
3757868742,0.538450003,21.008,17.845,18.425,20.442,12.279,17.561,154.925,0.008,398.354,23.125,14.376,0,0,0,0,0,0,98.493,0.001,0,265.141,12.166,153.149,15.59,143.908,10.353,5.202,25.175,249.704,28.726,3.545,1055.668,34.818,21.353,23.651,-22.39,35.019,20.487,10.134,0,0,4.008,0.347,3.911,16.205,5.573,0.012,0.006,19.652,20.081,20.527,20.788,20.549,20.817,18.752,18.758,18.745,20.431,20.301,20.034,17.643,17.921,17.603,19.499,20.556,3428,1769,2.449804268
3757868744,0.572983336,21.027,17.844,18.426,20.45,12.301,17.677,135.544,0.011,398.338,23.148,14.376,0,0,0,0,0,0,98.498,0.001,0,265.143,12.178,153.085,15.564,143.763,10.322,5.207,25.162,249.877,28.751,3.583,1054.752,34.825,21.397,23.639,-22.391,35.022,20.488,10.166,0,0,4.008,0.387,3.914,16.193,5.62,0.012,0.006,19.639,20.079,20.517,20.749,20.558,20.814,18.746,18.757,18.712,20.427,20.301,20.04,17.64,17.933,17.59,19.505,20.57,3428,1769,2.373138096
3757868746,0.602616668,21.025,17.845,18.426,20.432,12.294,17.678,131.351,0.008,398.322,23.136,14.376,0,0,0,0,0,0,98.502,0.001,0,265.104,12.168,153.145,15.592,143.8,10.329,5.227,25.181,249.807,28.741,3.554,1055.137,34.812,21.376,23.62,-22.386,34.999,20.492,10.162,0,0,4.008,0.339,3.918,16.196,5.62,0.012,0.006,19.654,20.084,20.516,20.772,20.569,20.809,18.745,18.759,18.716,20.435,20.322,20.054,17.65,17.932,17.608,19.501,20.56,3428,1769,2.271006813
3757868748,0.632499997,21.039,17.846,18.427,20.429,12.291,17.563,159.151,0.008,398.338,23.138,14.377,0,0,0,0,0,0,98.497,0.001,0,265.193,12.159,153.097,15.603,143.677,10.303,5.264,25.181,249.729,28.73,3.543,1052.512,34.826,21.354,23.615,-22.403,35.033,20.483,10.18,0,0,4.01,0.329,3.915,16.19,5.615,0.012,0.006,19.643,20.066,20.501,20.757,20.574,20.818,18.756,18.747,18.726,20.445,20.325,20.041,17.652,17.932,17.609,19.499,20.568,3428,1769,2.397476341
3757868750,0.667600004,21.022,17.85,18.427,20.431,12.279,17.563,149.439,0.011,398.346,23.143,14.377,0,0,0,0,0,0,98.494,0.001,0,265.252,12.158,153.053,15.629,143.753,10.32,5.274,25.203,249.494,28.696,3.487,1053.861,34.815,21.385,23.628,-22.396,35.061,20.487,10.167,0,0,4.01,0.399,3.911,16.205,5.583,0.012,0.006,19.641,20.057,20.498,20.766,20.558,20.816,18.751,18.739,18.719,20.436,20.331,20.032,17.639,17.93,17.584,19.503,20.556,3428,1769,2.499684383
3757868752,0.697299997,21.007,17.836,18.426,20.434,12.307,17.562,142.578,0.01,398.346,23.141,14.377,0,0,0,0,0,0,98.495,0.001,0,265.171,12.152,153.045,15.614,143.743,10.317,5.261,25.178,249.659,28.72,3.536,1055.64,34.803,21.389,23.634,-22.387,35.095,20.48,10.163,0,0,4.01,0.372,3.912,16.191,5.651,0.012,0.006,19.641,20.08,20.488,20.759,20.561,20.808,18.745,18.738,18.712,20.425,20.315,20.043,17.622,17.928,17.571,19.494,20.552,3428,1769,2.474122696
3757868753,0.7262,20.999,17.855,18.309,20.44,12.311,17.563,142.437,0.009,398.346,23.135,14.376,0,0,0,0,0,0,98.495,0.001,0,265.187,12.157,153.015,15.594,143.691,10.306,5.253,25.199,249.666,28.721,3.516,1054.571,34.812,21.405,23.627,-22.373,35.049,20.491,10.185,0,0,4.009,0.356,3.913,16.225,5.654,0.012,0.006,19.645,20.069,20.492,20.765,20.574,20.828,18.747,18.741,18.723,20.428,20.332,20.052,17.634,17.934,17.571,19.502,20.557,3428,1769,2.423630396
3757868755,0.761266669,21.018,17.865,18.426,20.433,12.287,17.562,138.14,0.009,398.338,23.143,14.376,0,0,0,0,0,0,98.497,0.001,0,265.344,12.159,153.039,15.599,143.761,10.321,5.243,25.149,249.813,28.742,3.587,1054.412,34.831,21.329,23.633,-22.376,35.05,20.469,10.147,0,0,4.013,0.358,3.917,16.232,5.601,0.012,0.006,19.64,20.06,20.499,20.766,20.57,20.813,18.733,18.732,18.729,20.414,20.329,20.046,17.639,17.945,17.573,19.499,20.57,3428,1769,2.421185372
3757868757,0.79138333,21.025,17.842,18.426,20.439,12.307,17.563,109.237,0.008,398.338,23.122,14.376,0,0,0,0,0,0,98.496,0.001,0,265.546,12.163,153.049,15.602,143.8,10.33,5.237,25.175,249.639,28.717,3.535,1055.273,34.817,21.369,23.623,-22.389,35.073,20.483,10.153,0,0,4.015,0.345,3.919,16.191,5.646,0.012,0.006,19.646,20.07,20.493,20.783,20.571,20.827,18.727,18.733,18.74,20.424,20.335,20.056,17.637,17.936,17.603,19.507,20.551,3428,1769,2.419964709
3757868759,0.827033337,21.015,17.862,18.426,20.428,12.32,17.561,136.217,0.005,398.33,23.123,14.377,0,0,0,0,0,0,98.498,0.001,0,265.351,12.166,153.069,15.6,143.762,10.321,5.243,25.171,249.83,28.745,3.568,1054.692,34.809,21.357,23.61,-22.417,35.114,20.466,10.144,0,0,4.012,0.273,3.918,16.229,5.688,0.012,0.006,19.62,20.079,20.492,20.762,20.565,20.828,18.744,18.73,18.721,20.408,20.341,20.051,17.631,17.918,17.571,19.501,20.563,3428,1769,2.37074401
3757868761,0.862450004,21.017,17.864,18.425,20.442,12.299,17.561,147.734,0.008,398.346,23.101,14.376,0,0,0,0,0,0,98.494,0.001,0,265.556,12.179,153.085,15.593,143.815,10.333,5.225,25.174,250.077,28.78,3.6,1054.691,34.802,21.334,23.608,-22.38,35.105,20.488,10.155,0,0,4.015,0.342,3.917,16.231,5.622,0.012,0.006,19.617,20.072,20.497,20.771,20.564,20.833,18.75,18.741,18.731,20.434,20.333,20.055,17.631,17.907,17.555,19.508,20.565,3428,1769,2.47100353
3757868764,0.897333336,21.023,17.868,18.426,20.4,12.312,17.562,155.243,0.01,398.338,23.128,14.376,0,0,0,0,0,0,98.498,0.001,0,265.154,12.178,153.15,15.56,143.773,10.324,5.201,25.157,249.856,28.748,3.585,1053.838,34.81,21.371,23.607,-22.395,35.094,20.471,10.148,0,0,4.009,0.37,3.917,16.234,5.699,0.012,0.006,19.647,20.077,20.53,20.746,20.56,20.834,18.75,18.75,18.736,20.419,20.334,20.056,17.632,17.924,17.574,19.506,20.573,3428,1769,2.321473631
3757868765,0.926999998,21.005,17.881,18.427,20.446,12.309,17.677,145.843,0.011,398.322,23.098,14.377,0,0,0,0,0,0,98.492,0.001,0,265.531,12.153,153.144,15.551,143.819,10.334,5.182,25.167,249.882,28.752,3.579,1054.65,34.822,21.321,23.611,-22.4,35.102,20.468,10.135,0,0,4.014,0.39,3.922,16.265,5.644,0.012,0.006,19.653,20.053,20.517,20.749,20.555,20.812,18.744,18.747,18.714,20.419,20.338,20.06,17.639,17.932,17.578,19.51,20.561,3428,1769,2.318548387
3757868767,0.961666663,21.02,17.854,18.309,20.433,12.297,17.562,135.098,0.009,398.346,23.134,14.377,0,0,0,0,0,0,98.499,0.001,0,265.198,12.16,153.024,15.526,143.701,10.308,5.182,25.152,249.813,28.742,3.584,1054.749,34.811,21.424,23.607,-22.391,35.132,20.483,10.174,0,0,4.009,0.365,3.92,16.214,5.627,0.012,0.006,19.641,20.04,20.492,20.76,20.556,20.825,18.743,18.761,18.735,20.423,20.329,20.063,17.624,17.919,17.57,19.509,20.563,3428,1769,2.244923698
3757868770,0.996966664,21.029,17.875,18.309,20.444,12.299,17.562,152.339,0.008,398.346,23.107,14.376,0,0,0,0,0,0,98.495,0.001,0,265.496,12.166,153.058,15.491,143.874,10.346,5.11,25.157,249.828,28.744,3.581,1054.675,34.821,21.369,23.597,-22.4,35.09,20.508,10.163,0,0,4.012,0.34,3.927,16.242,5.621,0.012,0.006,19.65,20.051,20.526,20.748,20.553,20.826,18.742,18.768,18.739,20.425,20.332,20.049,17.634,17.922,17.581,19.51,20.563,3428,1769,2.141327623
3757868772,1.032483331,21.01,17.863,18.426,20.458,12.299,17.678,146.931,0.01,398.314,23.134,14.377,0,0,0,0,0,0,98.501,0.001,0,265.166,12.156,153.084,15.507,143.812,10.332,5.14,25.144,249.69,28.724,3.574,1055.89,34.812,21.352,23.614,-22.393,35.141,20.496,10.164,0,0,4.008,0.382,3.923,16.233,5.607,0.012,0.006,19.647,20.035,20.513,20.756,20.542,20.803,18.725,18.756,18.737,20.417,20.326,20.048,17.619,17.907,17.581,19.499,20.555,3428,1769,2.14348758
3757868773,1.05631667,21.03,17.851,18.309,20.436,12.299,17.562,146.923,0.01,398.362,23.123,14.377,0,0,0,0,0,0,98.499,0.001,0,265.131,12.168,153.035,15.48,143.803,10.33,5.114,25.145,249.613,28.713,3.562,1055.498,34.825,21.351,23.618,-22.394,35.119,20.492,10.161,0,0,4.007,0.368,3.924,16.202,5.628,0.012,0.006,19.645,20.046,20.514,20.767,20.55,20.833,18.736,18.769,18.74,20.411,20.337,20.056,17.625,17.915,17.591,19.501,20.564,3428,1769,2.093052578
3757868775,1.086666663,21.009,17.846,18.425,20.431,12.297,17.678,145.796,0.009,398.346,23.137,14.378,0,0,0,0,0,0,98.494,0.001,0,265.172,12.156,153.092,15.489,143.82,10.334,5.12,25.178,249.812,28.742,3.557,1057.281,34.834,21.369,23.61,-22.392,35.119,20.484,10.15,0,0,4.006,0.367,3.937,16.205,5.627,0.012,0.006,19.64,20.06,20.526,20.754,20.525,20.819,18.731,18.774,18.722,20.395,20.315,20.062,17.652,17.906,17.606,19.499,20.552,3428,1769,1.737378824
3757868777,1.116550001,21.018,17.84,18.426,20.431,12.307,17.678,156.203,0.009,398.37,23.143,14.377,0,0,0,0,0,0,98.493,0.001,0,265.581,12.165,153.036,15.506,143.753,10.32,5.151,25.195,249.673,28.722,3.521,1054.805,34.834,21.408,23.61,-22.391,35.131,20.493,10.173,0,0,4.013,0.363,3.928,16.19,5.654,0.012,0.006,19.652,20.081,20.505,20.75,20.536,20.817,18.75,18.806,18.753,20.414,20.329,20.054,17.639,17.913,17.598,19.493,20.564,3428,1769,2.140788314
3757868778,1.146416664,21.027,17.853,18.426,20.433,12.274,17.678,152.128,0.011,398.354,23.144,14.376,0,0,0,0,0,0,98.495,0.001,0,265.456,12.17,153.081,15.495,143.759,10.321,5.139,25.165,250.015,28.772,3.601,1055.911,34.828,21.349,23.602,-22.395,35.128,20.517,10.196,0,0,4.011,0.393,3.933,16.208,5.57,0.012,0.006,19.647,20.097,20.511,20.732,20.531,20.806,18.753,18.798,18.748,20.392,20.312,20.041,17.64,17.916,17.597,19.493,20.57,3428,1769,1.963746224
3757868781,1.181716665,21.022,17.827,18.427,20.429,12.303,17.563,140.905,0.01,398.338,23.141,14.376,0,0,0,0,0,0,98.497,0.001,0,265.527,12.159,153.104,15.501,143.761,10.321,5.144,25.166,249.661,28.72,3.548,1055.038,34.831,21.364,23.603,-22.389,35.104,20.528,10.207,0,0,4.013,0.379,3.93,16.168,5.644,0.012,0.006,19.649,20.105,20.51,20.75,20.535,20.801,18.759,18.816,18.755,20.401,20.334,20.057,17.637,17.904,17.603,19.494,20.571,3428,1769,2.08989047
3757868782,1.2114,21.019,17.865,18.322,20.442,12.283,17.562,115.055,0.009,398.338,23.178,14.374,0,0,0,0,0,0,98.495,0.001,0,265.574,12.155,153.05,15.504,143.751,10.319,5.15,25.168,249.647,28.718,3.543,1054.821,34.836,21.357,23.609,-22.391,35.099,20.522,10.203,0,0,4.013,0.354,3.929,16.231,5.585,0.012,0.006,19.653,20.077,20.505,20.743,20.534,20.829,18.762,18.814,18.762,20.392,20.317,20.05,17.637,17.914,17.604,19.494,20.566,3428,1769,2.115336187
3757868784,1.240366666,21.032,17.866,18.427,20.435,12.288,17.562,147.646,0.006,398.283,23.149,14.376,0,0,0,0,0,0,98.505,0.001,0,265.305,12.156,153.031,15.512,143.742,10.317,5.16,25.173,249.764,28.735,3.555,1054.686,34.834,21.363,23.613,-22.389,35.098,20.516,10.199,0,0,4.009,0.289,3.926,16.225,5.601,0.012,0.006,19.649,20.08,20.522,20.765,20.539,20.837,18.755,18.802,18.753,20.386,20.314,20.062,17.648,17.933,17.598,19.498,20.554,3428,1769,2.09199748
3757868786,1.27561667,21.06,17.862,18.31,20.449,12.292,17.562,161.05,0.01,398.338,23.153,14.375,0,0,0,0,0,0,98.496,0.001,0,265.129,12.159,153.036,15.497,143.736,10.316,5.146,25.163,249.883,28.752,3.583,1054.678,34.828,21.373,23.605,-22.388,35.098,20.497,10.181,0,0,4.007,0.371,3.927,16.205,5.599,0.012,0.006,19.655,20.066,20.519,20.763,20.541,20.832,18.733,18.785,18.736,20.405,20.329,20.073,17.657,17.931,17.607,19.488,20.55,3428,1769,2.016637257
3757868788,1.31178333,21.05,17.849,18.31,20.423,12.301,17.562,143.688,0.011,398.306,23.138,14.377,0,0,0,0,0,0,98.503,0.001,0,265.415,12.153,153.053,15.5,143.638,10.295,5.17,25.163,249.596,28.71,3.541,1054.991,34.843,21.315,23.609,-22.394,35.135,20.496,10.201,0,0,4.011,0.403,3.932,16.189,5.645,0.012,0.006,19.636,20.055,20.522,20.789,20.547,20.835,18.741,18.791,18.722,20.424,20.354,20.076,17.657,17.918,17.588,19.488,20.565,3428,1769,1.989172857
3757868790,1.341333334,21.039,17.841,18.426,20.427,12.32,17.562,155.025,0.009,398.346,23.142,14.376,0,0,0,0,0,0,98.493,0.001,0,265.156,12.142,153.024,15.504,143.629,10.293,5.175,25.156,249.669,28.721,3.559,1055.211,34.832,21.377,23.592,-22.393,35.136,20.479,10.186,0,0,4.008,0.358,3.935,16.182,5.69,0.012,0.006,19.624,20.029,20.522,20.757,20.548,20.838,18.74,18.779,18.705,20.405,20.342,20.05,17.651,17.914,17.585,19.489,20.572,3428,1769,1.838096437
3757868792,1.376483337,21.041,17.855,18.309,20.434,12.303,17.679,127.744,0.011,398.322,23.133,14.377,0,0,0,0,0,0,98.497,0.001,0,265.111,12.148,152.968,15.503,143.651,10.297,5.17,25.158,249.654,28.719,3.554,1055.716,34.836,21.401,23.614,-22.391,35.143,20.517,10.22,0,0,4.007,0.388,3.931,16.203,5.641,0.012,0.006,19.623,20.037,20.53,20.766,20.537,20.834,18.735,18.781,18.711,20.41,20.338,20.06,17.658,17.918,17.583,19.507,20.555,3428,1769,1.91484001
3757868794,1.411483335,21.026,17.859,18.309,20.45,12.297,17.679,138.563,0.007,398.346,23.137,14.376,0,0,0,0,0,0,98.497,0.001,0,265.603,12.147,152.997,15.521,143.685,10.305,5.181,25.163,249.509,28.698,3.529,1054.068,34.832,21.402,23.617,-22.382,35.154,20.499,10.194,0,0,4.015,0.32,3.922,16.217,5.611,0.012,0.006,19.631,20.026,20.51,20.775,20.541,20.833,18.746,18.763,18.721,20.405,20.33,20.065,17.655,17.913,17.576,19.501,20.559,3428,1769,2.343454706
3757868796,1.44083333,21.008,17.866,18.426,20.436,12.307,17.562,141.374,0.008,398.322,23.147,14.376,0,0,0,0,0,0,98.502,0.001,0,265.389,12.15,152.994,15.51,143.693,10.306,5.168,25.168,249.61,28.712,3.538,1054.691,34.839,21.344,23.632,-22.392,35.155,20.5,10.194,0,0,4.011,0.347,3.921,16.239,5.648,0.012,0.006,19.622,19.99,20.503,20.772,20.545,20.819,18.746,18.752,18.713,20.407,20.338,20.054,17.649,17.916,17.569,19.492,20.562,3428,1769,2.269288956
3757868798,1.47143333,21.036,17.84,18.309,20.46,12.298,17.56,121.584,0.009,398.33,23.159,14.376,0,0,0,0,0,0,98.498,0.001,0,265.17,12.145,153.008,15.574,143.57,10.28,5.258,25.18,249.495,28.696,3.509,1053.975,34.861,21.365,23.606,-22.379,35.152,20.517,10.236,0,0,4.009,0.353,3.936,16.182,5.601,0.012,0.006,19.63,19.983,20.513,20.781,20.538,20.828,18.741,18.725,18.699,20.424,20.362,20.058,17.653,17.906,17.555,19.488,20.565,3428,1769,1.837633732
3757868800,1.500449999,21.054,17.866,18.427,20.437,12.304,17.562,134.873,0.007,398.338,23.142,14.376,0,0,0,0,0,0,98.501,0.001,0,265.173,12.148,152.985,15.578,143.605,10.288,5.255,25.204,249.551,28.704,3.493,1053.193,34.857,21.394,23.612,-22.413,35.153,20.516,10.228,0,0,4.008,0.305,3.929,16.214,5.64,0.012,0.006,19.634,19.973,20.5,20.804,20.552,20.84,18.737,18.731,18.694,20.429,20.374,20.048,17.655,17.889,17.545,19.487,20.556,3428,1769,1.990676578
3757868801,1.524683332,21.007,17.866,18.323,20.407,12.31,17.562,134.866,0.008,398.338,23.114,14.375,0,0,0,0,0,0,98.497,0.001,0,265.137,12.146,152.997,15.588,143.645,10.296,5.257,25.164,249.597,28.711,3.541,1053.936,34.825,21.383,23.605,-22.405,35.172,20.513,10.217,0,0,4.009,0.338,3.923,16.241,5.685,0.012,0.006,19.639,19.993,20.497,20.801,20.548,20.837,18.725,18.727,18.694,20.424,20.368,20.045,17.647,17.907,17.563,19.485,20.572,3428,1769,2.168431669
3757868803,1.559566665,21.029,17.854,18.31,20.422,12.308,17.562,157.348,0.011,398.306,23.142,14.376,0,0,0,0,0,0,98.491,0.001,0,265.114,12.132,152.989,15.586,143.478,10.26,5.29,25.183,249.474,28.693,3.504,1054.467,34.834,21.367,23.604,-22.4,35.161,20.53,10.27,0,0,4.009,0.337,3.929,16.208,5.665,0.012,0.006,19.645,20.01,20.515,20.79,20.546,20.833,18.731,18.729,18.694,20.426,20.362,20.054,17.645,17.916,17.577,19.485,20.562,3428,1769,2.015621063
3757868805,1.589016668,21.046,17.871,18.309,20.437,12.318,17.562,128.706,0.011,398.322,23.136,14.376,0,0,0,0,0,0,98.496,0.001,0,265.161,12.126,152.923,15.604,143.567,10.28,5.289,25.188,249.768,28.736,3.541,1055.506,34.849,21.357,23.583,-22.392,35.134,20.518,10.238,0,0,4.01,0.394,3.945,16.227,5.676,0.012,0.006,19.647,19.995,20.515,20.775,20.535,20.822,18.723,18.718,18.681,20.405,20.343,20.048,17.638,17.886,17.591,19.489,20.568,3428,1769,1.634192332
3757868807,1.618649999,21.008,17.854,18.309,20.442,12.301,17.562,139.547,0.007,398.322,23.138,14.376,0,0,0,0,0,0,98.499,0.001,0,265.301,12.126,152.89,15.619,143.487,10.262,5.321,25.184,249.542,28.703,3.512,1054.727,34.839,21.356,23.621,-22.39,35.155,20.519,10.256,0,0,4.012,0.322,3.925,16.219,5.627,0.012,0.006,19.635,19.993,20.506,20.781,20.533,20.832,18.721,18.742,18.691,20.404,20.342,20.049,17.627,17.889,17.584,19.488,20.557,3428,1769,2.19226408
3757868809,1.653733333,21.034,17.859,18.309,20.454,12.304,17.562,143.942,0.009,398.33,23.134,14.376,0,0,0,0,0,0,98.499,0.001,0,265.32,12.14,152.892,15.625,143.556,10.277,5.312,25.173,249.544,28.703,3.523,1056.209,34.865,21.355,23.619,-22.39,35.168,20.519,10.242,0,0,4.013,0.349,3.941,16.213,5.621,0.012,0.006,19.627,19.996,20.474,20.793,20.529,20.843,18.734,18.747,18.718,20.41,20.325,20.039,17.633,17.885,17.579,19.492,20.566,3428,1769,1.810409857
3757868811,1.683400003,21.052,17.854,18.31,20.442,12.304,17.562,112.23,0.009,398.338,23.138,14.376,0,0,0,0,0,0,98.5,0.001,0,265.256,12.121,152.958,15.61,143.548,10.276,5.299,25.169,249.564,28.706,3.53,1054.812,34.871,21.404,23.636,-22.401,35.18,20.514,10.239,0,0,4.012,0.36,3.932,16.195,5.636,0.012,0.006,19.655,20.007,20.526,20.815,20.536,20.858,18.733,18.741,18.731,20.438,20.363,20.06,17.642,17.901,17.603,19.496,20.569,3428,1769,2.014098691
3757868812,1.707483331,21.038,17.864,18.309,20.447,12.304,17.562,134.648,0.006,398.33,23.152,14.377,0,0,0,0,0,0,98.499,0.001,0,265.18,12.124,152.865,15.623,143.427,10.25,5.339,25.147,249.389,28.68,3.527,1054.49,34.895,21.308,23.626,-22.395,35.169,20.526,10.277,0,0,4.012,0.281,3.942,16.219,5.629,0.012,0.006,19.669,19.995,20.542,20.794,20.531,20.851,18.716,18.731,18.691,20.416,20.345,20.059,17.65,17.902,17.62,19.484,20.563,3428,1769,1.760120694
3757868814,1.743066669,21.017,17.872,18.31,20.434,12.339,17.562,147.946,0.008,398.362,23.141,14.378,0,0,0,0,0,0,98.496,0.001,0,265.128,12.117,152.879,15.634,143.477,10.261,5.338,25.158,249.562,28.706,3.541,1054.644,34.864,21.357,23.622,-22.387,35.154,20.518,10.258,0,0,4.011,0.336,3.934,16.244,5.728,0.012,0.006,19.636,19.992,20.511,20.773,20.533,20.848,18.714,18.727,18.684,20.418,20.346,20.057,17.639,17.895,17.608,19.484,20.576,3428,1769,1.938325991
3757868816,1.77208333,21.036,17.88,18.309,20.438,12.275,17.563,130.913,0.01,398.385,23.131,14.376,0,0,0,0,0,0,98.49,0.001,0,265.311,12.129,152.847,15.628,143.527,10.271,5.321,25.159,249.457,28.69,3.526,1055.028,34.857,21.316,23.615,-22.392,35.172,20.529,10.257,0,0,4.014,0.374,3.935,16.247,5.566,0.012,0.006,19.622,19.96,20.498,20.776,20.555,20.846,18.714,18.72,18.663,20.425,20.362,20.05,17.63,17.892,17.601,19.493,20.584,3428,1769,1.987671405
3757868818,1.807583332,21.018,17.878,18.308,20.457,12.308,17.562,131.35,0.008,398.338,23.137,14.375,0,0,0,0,0,0,98.497,0.001,0,264.787,12.131,152.902,15.671,143.419,10.248,5.387,25.157,249.439,28.688,3.524,1054.757,34.853,21.377,23.599,-22.391,35.173,20.541,10.293,0,0,4.007,0.329,3.938,16.254,5.631,0.012,0.006,19.617,19.971,20.488,20.783,20.548,20.842,18.72,18.716,18.66,20.426,20.362,20.055,17.63,17.908,17.582,19.502,20.559,3428,1769,1.736941473
3757868820,1.837250002,21.04,17.867,18.31,20.456,12.295,17.562,138.844,0.008,398.29,23.16,14.376,0,0,0,0,0,0,98.506,0.001,0,265.144,12.115,152.914,15.66,143.434,10.251,5.374,25.167,249.239,28.658,3.485,1056.067,34.854,21.367,23.61,-22.386,35.172,20.512,10.261,0,0,4.012,0.33,3.939,16.223,5.6,0.012,0.006,19.615,19.955,20.501,20.776,20.54,20.852,18.718,18.709,18.652,20.428,20.359,20.048,17.636,17.91,17.58,19.489,20.559,3428,1769,1.836247013
3757868822,1.87263333,21.013,17.862,18.307,20.433,12.292,17.562,158.997,0.009,398.322,23.13,14.376,0,0,0,0,0,0,98.502,0.001,0,265.223,12.125,152.837,15.676,143.486,10.262,5.378,25.15,249.522,28.7,3.543,1054.419,34.851,21.296,23.615,-22.392,35.173,20.499,10.237,0,0,4.014,0.349,3.93,16.23,5.615,0.012,0.006,19.611,19.963,20.49,20.79,20.539,20.845,18.717,18.72,18.665,20.428,20.376,20.043,17.635,17.897,17.552,19.487,20.565,3428,1769,2.114803625
3757868824,1.908400003,21.027,17.88,18.426,20.445,12.312,17.562,148.917,0.011,398.314,23.116,14.377,0,0,0,0,0,0,98.499,0.001,0,265.101,12.124,152.884,15.677,143.392,10.242,5.399,25.162,249.185,28.651,3.482,1054.801,34.849,21.392,23.629,-22.393,35.156,20.5,10.258,0,0,4.012,0.399,3.926,16.252,5.653,0.012,0.006,19.622,19.987,20.511,20.781,20.531,20.836,18.717,18.706,18.667,20.421,20.364,20.059,17.645,17.92,17.57,19.501,20.562,3428,1769,2.166792643
3757868826,1.937716667,21.031,17.86,18.309,20.447,12.32,17.563,117.057,0.01,398.362,23.126,14.376,0,0,0,0,0,0,98.495,0.001,0,265.101,12.136,152.883,15.695,143.507,10.267,5.392,25.168,249.509,28.698,3.524,1054.831,34.838,21.34,23.626,-22.392,35.143,20.503,10.236,0,0,4.012,0.372,3.924,16.216,5.671,0.012,0.006,19.618,19.988,20.512,20.774,20.537,20.84,18.714,18.704,18.683,20.418,20.364,20.061,17.636,17.906,17.568,19.495,20.575,3428,1769,2.217741935
3757868827,1.961383335,21.046,17.874,18.31,20.447,12.307,17.562,117.057,0.006,398.314,23.132,14.378,0,0,0,0,0,0,98.501,0.001,0,265.063,12.119,152.94,15.7,143.501,10.265,5.4,25.161,249.398,28.681,3.514,1054.274,34.845,21.359,23.627,-22.415,35.152,20.497,10.232,0,0,4.012,0.294,3.924,16.232,5.637,0.012,0.006,19.617,20.013,20.529,20.779,20.547,20.857,18.697,18.707,18.684,20.425,20.365,20.054,17.64,17.902,17.561,19.5,20.571,3428,1769,2.217741935
3757868829,1.996483334,21.042,17.865,18.31,20.451,12.315,17.562,160.332,0.009,398.37,23.165,14.376,0,0,0,0,0,0,98.501,0.001,0,265.132,12.099,152.858,15.737,143.33,10.229,5.472,25.167,249.634,28.716,3.543,1054.92,34.864,21.342,23.62,-22.382,35.15,20.489,10.26,0,0,4.014,0.293,3.935,16.218,5.653,0.012,0.006,19.622,20.012,20.54,20.787,20.555,20.856,18.708,18.704,18.671,20.435,20.36,20.059,17.635,17.919,17.572,19.498,20.558,3428,1769,1.987671405
3757868831,2.019816669,21.035,17.878,18.309,20.442,12.316,17.562,160.329,0.011,398.33,23.149,14.377,0,0,0,0,0,0,98.5,0.001,0,265.292,12.106,152.759,15.717,143.547,10.275,5.406,25.129,249.311,28.669,3.534,1055.401,34.889,21.354,23.627,-22.386,35.142,20.484,10.209,0,0,4.016,0.402,3.943,16.244,5.663,0.012,0.006,19.601,19.99,20.507,20.792,20.545,20.85,18.702,18.69,18.662,20.423,20.372,20.036,17.625,17.895,17.563,19.496,20.581,3428,1769,1.834401307
3757868833,2.049683332,21.038,17.886,18.309,20.43,12.319,17.562,147.532,0.01,398.354,23.155,14.376,0,0,0,0,0,0,98.499,0.001,0,265.158,12.114,152.793,15.752,143.484,10.262,5.454,25.147,249.218,28.656,3.503,1054.873,34.859,21.361,23.623,-22.391,35.142,20.488,10.226,0,0,4.015,0.403,3.932,16.255,5.683,0.012,0.006,19.613,19.996,20.508,20.762,20.549,20.837,18.702,18.696,18.648,20.423,20.364,20.048,17.63,17.91,17.572,19.507,20.578,3428,1769,2.088838555
3757868835,2.087216663,21.019,17.853,18.309,20.442,12.33,17.562,154.784,0.01,398.314,23.132,14.375,0,0,0,0,0,0,98.498,0.001,0,265.159,12.126,152.83,15.754,143.364,10.236,5.483,25.132,249.435,28.687,3.549,1055.129,34.822,21.404,23.631,-22.394,35.146,20.485,10.25,0,0,4.016,0.367,3.917,16.213,5.702,0.012,0.006,19.62,20.012,20.505,20.777,20.571,20.849,18.708,18.725,18.664,20.423,20.374,20.05,17.633,17.905,17.58,19.514,20.578,3428,1769,2.495903189
3757868837,2.116650001,21.046,17.859,18.308,20.438,12.327,17.563,130.013,0.011,398.306,23.142,14.376,0,0,0,0,0,0,98.502,0.001,0,265.182,12.119,152.892,15.746,143.435,10.251,5.459,25.138,249.478,28.693,3.549,1054.77,34.847,21.399,23.634,-22.397,35.157,20.454,10.203,0,0,4.016,0.386,3.924,16.208,5.697,0.012,0.006,19.624,20.037,20.523,20.784,20.578,20.867,18.728,18.722,18.673,20.437,20.386,20.054,17.63,17.906,17.58,19.513,20.577,3428,1769,2.317380353
3757868838,2.146499999,21.055,17.851,18.426,20.422,12.316,17.561,142.46,0.007,398.338,23.127,14.376,0,0,0,0,0,0,98.497,0.001,0,265.151,12.107,152.855,15.758,143.492,10.264,5.459,25.145,249.384,28.68,3.529,1054.306,34.872,21.368,23.618,-22.374,35.135,20.448,10.184,0,0,4.015,0.324,3.937,16.189,5.687,0.012,0.006,19.623,20.029,20.526,20.76,20.567,20.83,18.719,18.696,18.66,20.405,20.358,20.057,17.625,17.893,17.59,19.516,20.569,3428,1769,1.961770624
3757868841,2.183366664,21.018,17.881,18.307,20.441,12.326,17.562,148.534,0.009,398.314,23.119,14.377,0,0,0,0,0,0,98.497,0.001,0,265.161,12.112,152.795,15.782,143.529,10.271,5.475,25.137,249.54,28.702,3.559,1054.704,34.861,21.336,23.64,-22.371,35.152,20.439,10.168,0,0,4.016,0.357,3.926,16.258,5.691,0.012,0.006,19.622,20.056,20.503,20.749,20.554,20.828,18.715,18.717,18.667,20.405,20.345,20.053,17.62,17.883,17.583,19.509,20.575,3428,1769,2.266431629
3757868843,2.218183335,21.032,17.873,18.426,20.438,12.314,17.563,149.152,0.01,398.346,23.143,14.377,0,0,0,0,0,0,98.497,0.001,0,265.152,12.111,152.824,15.727,143.469,10.259,5.433,25.152,249.354,28.675,3.517,1054.743,34.849,21.347,23.634,-22.395,35.146,20.454,10.196,0,0,4.014,0.372,3.924,16.237,5.664,0.012,0.006,19.633,20.07,20.532,20.758,20.569,20.824,18.73,18.729,18.693,20.411,20.345,20.074,17.644,17.906,17.604,19.525,20.575,3428,1769,2.267573696
3757868845,2.247716665,21.03,17.879,18.309,20.441,12.33,17.562,143.038,0.01,398.354,23.136,14.377,0,0,0,0,0,0,98.495,0.001,0,265.207,12.117,152.818,15.769,143.6,10.287,5.446,25.138,249.391,28.681,3.536,1055.046,34.84,21.369,23.629,-22.392,35.154,20.453,10.166,0,0,4.016,0.373,3.924,16.248,5.699,0.012,0.006,19.615,20.048,20.5,20.757,20.573,20.829,18.715,18.762,18.709,20.405,20.348,20.055,17.621,17.901,17.589,19.513,20.573,3428,1769,2.317380353
3757868846,2.277950001,21.027,17.86,18.426,20.426,12.312,17.562,142.393,0.009,398.362,23.131,14.376,0,0,0,0,0,0,98.495,0.001,0,265.154,12.126,152.845,15.765,143.533,10.273,5.457,25.142,249.43,28.686,3.539,1054.73,34.862,21.346,23.645,-22.389,35.143,20.454,10.181,0,0,4.015,0.358,3.925,16.219,5.673,0.012,0.006,19.637,20.054,20.513,20.77,20.558,20.819,18.711,18.766,18.709,20.406,20.343,20.058,17.635,17.914,17.609,19.511,20.575,3428,1769,2.267002519
3757868848,2.308699997,21.06,17.872,18.322,20.452,12.316,17.563,135.141,0.009,398.322,23.145,14.376,0,0,0,0,0,0,98.497,0.001,0,265.181,12.127,152.891,15.799,143.646,10.297,5.467,25.126,249.47,28.692,3.56,1055.699,34.831,21.363,23.63,-22.39,35.11,20.452,10.156,0,0,4.016,0.357,3.923,16.221,5.655,0.012,0.006,19.642,20.055,20.509,20.774,20.542,20.82,18.72,18.772,18.725,20.396,20.335,20.048,17.626,17.907,17.603,19.509,20.577,3428,1769,2.342864341
3757868850,2.339516664,21.052,17.878,18.31,20.449,12.312,17.562,146.232,0.008,398.314,23.138,14.376,0,0,0,0,0,0,98.502,0.001,0,265.155,12.132,152.894,15.781,143.666,10.301,5.445,25.144,249.758,28.734,3.584,1055.641,34.839,21.349,23.614,-22.391,35.165,20.441,10.14,0,0,4.015,0.339,3.931,16.234,5.648,0.012,0.006,19.618,20.073,20.503,20.77,20.529,20.823,18.725,18.769,18.716,20.392,20.33,20.054,17.619,17.914,17.606,19.506,20.575,3428,1769,2.114271331
3757868852,2.369583337,21.029,17.864,18.426,20.432,12.312,17.563,140.513,0.009,398.338,23.134,14.376,0,0,0,0,0,0,98.499,0.001,0,265.174,12.137,152.92,15.796,143.535,10.273,5.488,25.124,249.629,28.715,3.585,1055.482,34.832,21.357,23.633,-22.391,35.166,20.468,10.195,0,0,4.017,0.366,3.921,16.224,5.665,0.012,0.006,19.642,20.083,20.538,20.785,20.529,20.818,18.756,18.803,18.723,20.387,20.334,20.048,17.631,17.912,17.625,19.508,20.574,3428,1769,2.418745276
3757868854,2.400500003,21.039,17.875,18.427,20.422,12.318,17.562,161.035,0.009,398.322,23.171,14.375,0,0,0,0,0,0,98.498,0.001,0,265.642,12.128,152.945,15.77,143.584,10.283,5.451,25.143,249.473,28.692,3.544,1054.673,34.847,21.378,23.641,-22.391,35.152,20.481,10.198,0,0,4.022,0.352,3.921,16.237,5.692,0.012,0.006,19.653,20.117,20.549,20.784,20.54,20.823,18.758,18.82,18.749,20.383,20.331,20.018,17.63,17.925,17.633,19.503,20.569,3428,1769,2.543119728
3757868856,2.431166665,21.045,17.855,18.309,20.438,12.307,17.563,143.87,0.011,398.306,23.144,14.375,0,0,0,0,0,0,98.498,0.001,0,265.496,12.138,152.903,15.762,143.644,10.296,5.431,25.152,249.81,28.741,3.583,1054.642,34.863,21.356,23.63,-22.384,35.13,20.484,10.188,0,0,4.019,0.403,3.93,16.202,5.648,0.012,0.006,19.655,20.112,20.542,20.775,20.529,20.82,18.774,18.84,18.752,20.377,20.3,20.028,17.636,17.917,17.632,19.5,20.574,3428,1769,2.239275381
3757868857,2.462783337,21.026,17.884,18.309,20.437,12.302,17.561,135.904,0.009,398.306,23.137,14.376,0,0,0,0,0,0,98.501,0.001,0,265.34,12.146,152.948,15.779,143.646,10.296,5.447,25.142,249.709,28.727,3.578,1053.841,34.845,21.306,23.645,-22.391,35.108,20.476,10.18,0,0,4.018,0.362,3.916,16.259,5.635,0.012,0.006,19.651,20.117,20.534,20.77,20.521,20.815,18.768,18.855,18.754,20.397,20.294,20.05,17.637,17.929,17.652,19.503,20.568,3428,1769,2.571212503
3757868860,2.499583332,21.029,17.888,18.309,20.451,12.292,17.562,145.158,0.008,398.322,23.179,14.376,0,0,0,0,0,0,98.499,0.001,0,265.26,12.138,152.991,15.759,143.649,10.297,5.427,25.137,249.747,28.732,3.589,1054.787,34.857,21.377,23.633,-22.389,35.098,20.483,10.186,0,0,4.016,0.343,3.928,16.264,5.595,0.012,0.006,19.643,20.125,20.513,20.753,20.522,20.81,18.763,18.848,18.749,20.377,20.285,20.045,17.626,17.929,17.649,19.494,20.581,3428,1769,2.21550856
3757868861,2.52966667,21.041,17.886,18.31,20.443,12.351,17.562,126.907,0.009,398.322,23.151,14.376,0,0,0,0,0,0,98.501,0.001,0,265.157,12.135,152.948,15.742,143.629,10.293,5.414,25.153,249.762,28.735,3.575,1054.857,34.837,21.393,23.632,-22.399,35.061,20.494,10.201,0,0,4.014,0.363,3.921,16.253,5.752,0.012,0.006,19.651,20.138,20.543,20.773,20.541,20.82,18.781,18.848,18.782,20.394,20.3,20.048,17.655,17.941,17.663,19.502,20.575,3428,1769,2.344045369
3757868863,2.56133333,21.066,17.87,18.31,20.438,12.317,17.563,153.559,0.007,398.33,23.153,14.376,0,0,0,0,0,0,98.499,0.001,0,265.122,12.145,152.933,15.736,143.648,10.297,5.404,25.127,249.769,28.736,3.603,1055.109,34.839,21.37,23.626,-22.38,35.107,20.488,10.191,0,0,4.014,0.318,3.925,16.214,5.672,0.012,0.006,19.624,20.139,20.533,20.731,20.528,20.825,18.749,18.831,18.757,20.388,20.299,20.047,17.645,17.931,17.665,19.5,20.573,3428,1769,2.242095982
3757868865,2.592133331,21.029,17.84,18.309,20.429,12.33,17.562,135.968,0.01,398.322,23.139,14.377,0,0,0,0,0,0,98.499,0.001,0,265.205,12.158,152.983,15.713,143.683,10.304,5.373,25.151,249.791,28.739,3.582,1054.861,34.83,21.381,23.612,-22.383,35.116,20.495,10.19,0,0,4.014,0.381,3.926,16.185,5.713,0.012,0.006,19.616,20.127,20.524,20.731,20.534,20.82,18.75,18.84,18.739,20.384,20.3,20.051,17.645,17.939,17.672,19.507,20.568,3428,1769,2.216624685
3757868867,2.622033334,21.041,17.87,18.31,20.434,12.306,17.562,129.304,0.008,398.346,23.136,14.375,0,0,0,0,0,0,98.494,0.001,0,265.101,12.146,153.045,15.714,143.662,10.3,5.379,25.146,249.646,28.718,3.566,1054.643,34.832,21.372,23.626,-22.388,35.123,20.465,10.165,0,0,4.012,0.341,3.921,16.228,5.649,0.012,0.006,19.606,20.093,20.515,20.744,20.543,20.816,18.753,18.811,18.734,20.39,20.298,20.053,17.648,17.949,17.679,19.496,20.592,3428,1769,2.294214043
3757868869,2.653199999,21.029,17.876,18.309,20.441,12.304,17.562,113.318,0.007,398.306,23.166,14.377,0,0,0,0,0,0,98.5,0.001,0,265.131,12.162,152.988,15.708,143.79,10.327,5.346,25.166,249.525,28.7,3.528,1055.169,34.84,21.331,23.613,-22.395,35.121,20.49,10.163,0,0,4.012,0.325,3.93,16.243,5.635,0.012,0.006,19.609,20.093,20.532,20.715,20.54,20.802,18.745,18.808,18.727,20.389,20.287,20.056,17.647,17.955,17.686,19.505,20.581,3428,1769,2.06497104
3757868871,2.690000002,21.03,17.876,18.309,20.435,12.325,17.562,134.364,0.006,398.354,23.177,14.376,0,0,0,0,0,0,98.496,0.001,0,265.506,12.154,153.067,15.708,143.8,10.33,5.343,25.155,249.822,28.743,3.582,1054.927,34.837,21.363,23.626,-22.406,35.121,20.483,10.154,0,0,4.018,0.284,3.924,16.244,5.694,0.012,0.006,19.621,20.085,20.508,20.729,20.545,20.801,18.763,18.795,18.71,20.39,20.314,20.056,17.661,17.964,17.674,19.505,20.575,3428,1769,2.367161924
3757868873,2.720949999,21.043,17.873,18.309,20.453,12.31,17.563,156.759,0.008,398.338,23.152,14.376,0,0,0,0,0,0,98.496,0.001,0,265.588,12.151,153.028,15.681,143.917,10.355,5.291,25.142,249.995,28.769,3.621,1054.087,34.847,21.365,23.629,-22.375,35.13,20.484,10.129,0,0,4.018,0.337,3.923,16.232,5.639,0.012,0.006,19.627,20.078,20.502,20.725,20.542,20.798,18.753,18.787,18.704,20.382,20.327,20.052,17.666,17.967,17.639,19.507,20.582,3428,1769,2.392645762
3757868874,2.745416665,21.035,17.869,18.308,20.445,12.331,17.563,156.757,0.011,398.314,23.164,14.376,0,0,0,0,0,0,98.503,0.001,0,265.172,12.151,153.011,15.683,143.743,10.317,5.33,25.157,249.792,28.739,3.576,1053.503,34.83,21.349,23.629,-22.407,35.146,20.484,10.167,0,0,4.012,0.392,3.915,16.23,5.699,0.012,0.006,19.634,20.071,20.495,20.722,20.535,20.787,18.741,18.78,18.702,20.377,20.329,20.066,17.666,17.971,17.623,19.503,20.579,3428,1769,2.447331904
3757868877,2.783033331,21.034,17.854,18.31,20.421,12.33,17.561,145.403,0.008,398.314,23.149,14.377,0,0,0,0,0,0,98.501,0.001,0,265.139,12.173,153.012,15.659,143.908,10.353,5.271,25.176,249.784,28.738,3.556,1053.356,34.83,21.414,23.62,-22.41,35.147,20.474,10.121,0,0,4.01,0.39,3.918,16.205,5.72,0.012,0.006,19.634,20.057,20.507,20.758,20.548,20.805,18.732,18.766,18.705,20.389,20.322,20.073,17.663,17.968,17.61,19.508,20.581,3428,1769,2.320887992
3757868878,2.807633336,21.05,17.886,18.309,20.445,12.35,17.563,145.41,0.009,398.362,23.154,14.375,0,0,0,0,0,0,98.491,0.001,0,265.155,12.169,153.118,15.671,143.941,10.36,5.275,25.202,249.873,28.751,3.542,1053.618,34.863,21.411,23.594,-22.393,35.108,20.469,10.109,0,0,4.009,0.363,3.939,16.249,5.746,0.012,0.006,19.622,20.063,20.5,20.735,20.542,20.801,18.735,18.76,18.696,20.368,20.328,20.055,17.651,17.961,17.598,19.507,20.581,3428,1769,1.761449421
3757868880,2.84478333,21.039,17.872,18.309,20.428,12.344,17.562,140.963,0.01,398.298,23.146,14.375,0,0,0,0,0,0,98.495,0.001,0,265.556,12.164,153.098,15.651,143.807,10.331,5.285,25.168,249.702,28.726,3.551,1054.259,34.808,21.386,23.598,-22.397,35.071,20.489,10.158,0,0,4.016,0.363,3.921,16.232,5.749,0.012,0.006,19.627,20.083,20.498,20.745,20.554,20.804,18.744,18.772,18.711,20.376,20.34,20.065,17.653,17.97,17.588,19.51,20.582,3428,1769,2.393851581
3757868883,2.881466667,21.046,17.862,18.309,20.469,12.329,17.563,151.366,0.009,398.298,23.143,14.376,0,0,0,0,0,0,98.5,0.001,0,265.189,12.174,153.077,15.635,143.836,10.337,5.262,25.174,249.883,28.752,3.572,1054.795,34.85,21.379,23.619,-22.386,35.114,20.476,10.139,0,0,4.01,0.352,3.93,16.212,5.669,0.012,0.006,19.623,20.095,20.499,20.729,20.544,20.797,18.746,18.762,18.704,20.367,20.334,20.081,17.649,17.972,17.593,19.507,20.588,3428,1769,2.01511335
3757868885,2.9182,21.038,17.879,18.309,20.453,12.319,17.563,150.109,0.01,398.314,23.186,14.376,0,0,0,0,0,0,98.506,0.001,0,265.542,12.171,153.124,15.626,143.752,10.319,5.272,25.159,250.065,28.779,3.613,1054.735,34.834,21.386,23.616,-22.383,35.171,20.463,10.144,0,0,4.016,0.38,3.925,16.245,5.66,0.012,0.006,19.621,20.109,20.528,20.708,20.533,20.811,18.751,18.778,18.744,20.367,20.341,20.068,17.668,17.978,17.608,19.511,20.58,3428,1769,2.291902783
3757868887,2.949166663,21.034,17.881,18.309,20.46,12.342,17.562,146.233,0.01,398.314,23.158,14.378,0,0,0,0,0,0,98.503,0.001,0,265.425,12.158,153.113,15.609,143.917,10.354,5.219,25.158,249.91,28.756,3.592,1055.683,34.843,21.393,23.624,-22.394,35.134,20.469,10.115,0,0,4.013,0.375,3.929,16.249,5.71,0.012,0.006,19.629,20.101,20.505,20.703,20.523,20.815,18.734,18.776,18.735,20.358,20.311,20.04,17.655,17.964,17.597,19.518,20.594,3428,1769,2.115336187
3757868889,2.980299997,21.038,17.877,18.309,20.448,12.352,17.561,155.165,0.009,398.37,23.145,14.376,0,0,0,0,0,0,98.497,0.001,0,265.133,12.147,153.046,15.606,143.781,10.326,5.245,25.167,249.859,28.749,3.576,1056.012,34.824,21.351,23.62,-22.391,35.096,20.454,10.128,0,0,4.009,0.365,3.925,16.241,5.749,0.012,0.006,19.622,20.097,20.504,20.702,20.527,20.824,18.76,18.8,18.757,20.365,20.336,20.049,17.65,17.976,17.607,19.512,20.597,3428,1769,2.11746912
3757868890,3.010983332,21.042,17.874,18.309,20.435,12.358,17.561,116.3,0.011,398.314,23.167,14.376,0,0,0,0,0,0,98.502,0.001,0,265.157,12.157,152.99,15.61,143.868,10.344,5.231,25.17,249.93,28.759,3.583,1054.692,34.823,21.35,23.614,-22.417,35.112,20.459,10.115,0,0,4.009,0.386,3.922,16.234,5.776,0.012,0.006,19.639,20.081,20.492,20.721,20.527,20.81,18.736,18.826,18.768,20.373,20.329,20.04,17.641,17.981,17.608,19.531,20.567,3428,1769,2.193922582
3757868892,3.041133332,21.049,17.86,18.309,20.449,12.322,17.562,141.36,0.006,398.314,23.148,14.376,0,0,0,0,0,0,98.499,0.001,0,265.193,12.162,153.044,15.59,143.862,10.343,5.212,25.159,249.588,28.709,3.544,1054.682,34.811,21.326,23.618,-22.395,35.131,20.439,10.096,0,0,4.01,0.29,3.917,16.208,5.673,0.012,0.006,19.641,20.05,20.492,20.732,20.525,20.807,18.745,18.807,18.771,20.382,20.33,20.057,17.659,17.97,17.644,19.522,20.595,3428,1769,2.346411
3757868894,3.071466668,21.039,17.872,18.309,20.448,12.354,17.561,145.886,0.009,398.314,23.174,14.376,0,0,0,0,0,0,98.502,0.001,0,265.268,12.157,153.066,15.588,143.761,10.321,5.231,25.165,249.683,28.723,3.552,1054.337,34.832,21.375,23.628,-22.384,35.145,20.463,10.142,0,0,4.011,0.352,3.919,16.232,5.754,0.012,0.006,19.639,20.045,20.498,20.725,20.521,20.798,18.741,18.828,18.783,20.381,20.33,20.035,17.656,17.961,17.604,19.526,20.583,3428,1769,2.320302648
3757868896,3.102616668,21.04,17.884,18.308,20.456,12.341,17.563,138.729,0.009,398.33,23.157,14.376,0,0,0,0,0,0,98.5,0.001,0,265.202,12.153,153.04,15.575,143.834,10.337,5.203,25.162,249.764,28.735,3.567,1054.942,34.837,21.346,23.598,-22.39,35.111,20.461,10.124,0,0,4.009,0.365,3.934,16.251,5.714,0.012,0.006,19.638,20.058,20.505,20.735,20.516,20.816,18.753,18.841,18.802,20.381,20.32,20.033,17.644,17.978,17.609,19.523,20.579,3428,1769,1.888455244
3757868897,3.128250003,21.015,17.879,18.308,20.444,12.336,17.561,126.795,0.008,398.314,23.175,14.376,0,0,0,0,0,0,98.503,0.001,0,265.197,12.17,153.022,15.564,143.77,10.323,5.205,25.192,249.905,28.755,3.557,1055.441,34.802,21.355,23.615,-22.389,35.158,20.441,10.118,0,0,4.008,0.347,3.917,16.257,5.714,0.012,0.006,19.639,20.055,20.509,20.734,20.52,20.827,18.758,18.839,18.803,20.368,20.315,20.027,17.639,17.965,17.61,19.519,20.576,3428,1769,2.296529968
3757868899,3.1523,21.028,17.871,18.31,20.452,12.348,17.562,126.797,0.007,398.314,23.171,14.376,0,0,0,0,0,0,98.501,0.001,0,265.071,12.165,153.108,15.585,143.897,10.35,5.199,25.191,249.769,28.736,3.538,1054.81,34.833,21.312,23.634,-22.388,35.147,20.456,10.105,0,0,4.006,0.316,3.919,16.237,5.734,0.012,0.006,19.619,20.059,20.518,20.723,20.52,20.825,18.768,18.86,18.822,20.388,20.335,20.016,17.637,17.952,17.616,19.519,20.59,3428,1769,2.195583596
3757868901,3.183333333,21.056,17.868,18.31,20.458,12.338,17.562,164.136,0.007,398.322,23.19,14.376,0,0,0,0,0,0,98.502,0.001,0,265.168,12.167,153.079,15.593,143.912,10.353,5.204,25.198,249.848,28.747,3.542,1054.732,34.843,21.388,23.604,-22.393,35.147,20.471,10.117,0,0,4.008,0.316,3.933,16.217,5.704,0.012,0.006,19.641,20.066,20.516,20.707,20.501,20.804,18.753,18.852,18.803,20.364,20.322,20.028,17.654,17.956,17.636,19.528,20.597,3428,1769,1.888930865
3757868902,3.20728333,21.027,17.891,18.309,20.452,12.346,17.562,164.134,0.012,398.322,23.177,14.376,0,0,0,0,0,0,98.503,0.001,0,265.188,12.186,153.089,15.578,143.778,10.325,5.218,25.222,249.718,28.728,3.5,1054.931,34.824,21.382,23.598,-22.394,35.136,20.473,10.148,0,0,4.007,0.411,3.929,16.27,5.73,0.012,0.006,19.63,20.062,20.536,20.695,20.506,20.809,18.755,18.876,18.833,20.364,20.309,20.026,17.654,17.968,17.645,19.531,20.594,3428,1769,1.965725806
3757868905,3.247116669,21.041,17.877,18.309,20.456,12.358,17.562,126.708,0.007,398.338,23.17,14.375,0,0,0,0,0,0,98.502,0.001,0,265.218,12.166,153.184,15.576,143.873,10.345,5.196,25.216,249.759,28.734,3.513,1053.754,34.81,21.357,23.63,-22.374,35.113,20.477,10.131,0,0,4.008,0.409,3.909,16.24,5.756,0.012,0.006,19.637,20.082,20.547,20.707,20.498,20.792,18.776,18.895,18.852,20.357,20.315,20.025,17.669,17.963,17.652,19.519,20.586,3428,1769,2.500947329
3757868906,3.277083333,21.039,17.871,18.31,20.426,12.33,17.562,179.778,0.007,398.298,23.159,14.377,0,0,0,0,0,0,98.505,0.001,0,265.136,12.174,153.084,15.57,143.883,10.347,5.188,25.187,249.822,28.743,3.55,1054.573,34.827,21.362,23.615,-22.415,35.14,20.465,10.118,0,0,4.007,0.317,3.923,16.231,5.716,0.012,0.006,19.629,20.059,20.532,20.719,20.491,20.8,18.77,18.919,18.856,20.356,20.3,19.997,17.648,17.946,17.654,19.521,20.581,3428,1769,2.118537201
3757868908,3.307966669,21.056,17.875,18.308,20.466,12.321,17.563,146.504,0.014,398.354,23.179,14.376,0,0,0,0,0,0,98.493,0.001,0,265.106,12.171,153.128,15.537,143.893,10.35,5.152,25.183,249.794,28.739,3.55,1053.807,34.83,21.388,23.622,-22.392,35.121,20.468,10.118,0,0,4.006,0.45,3.919,16.228,5.653,0.012,0.006,19.657,20.063,20.55,20.746,20.517,20.781,18.794,18.928,18.875,20.382,20.305,20.024,17.685,17.974,17.681,19.514,20.572,3428,1769,2.195583596
3757868910,3.338466668,21.048,17.883,18.309,20.446,12.353,17.677,163.923,0.009,398.314,23.165,14.376,0,0,0,0,0,0,98.505,0.001,0,265.169,12.172,153.109,15.568,143.787,10.327,5.207,25.189,249.616,28.713,3.518,1055.559,34.817,21.288,23.619,-22.397,35.153,20.479,10.153,0,0,4.008,0.366,3.921,16.245,5.752,0.012,0.006,19.663,20.078,20.551,20.72,20.483,20.773,18.763,18.918,18.855,20.358,20.285,20.025,17.682,17.981,17.693,19.513,20.595,3428,1769,2.194475974
3757868912,3.375149997,21.027,17.9,18.309,20.427,12.343,17.678,130.123,0.012,398.33,23.159,14.376,0,0,0,0,0,0,98.501,0.001,0,265.197,12.16,153.115,15.576,143.784,10.326,5.215,25.195,249.725,28.729,3.528,1053.753,34.81,21.398,23.629,-22.402,35.153,20.492,10.166,0,0,4.008,0.411,3.909,16.285,5.748,0.012,0.006,19.642,20.062,20.53,20.756,20.507,20.798,18.796,18.929,18.864,20.37,20.309,20.017,17.668,17.966,17.676,19.511,20.592,3428,1769,2.500947329
3757868914,3.411683337,21.05,17.867,18.31,20.455,12.327,17.562,140.345,0.007,398.338,23.158,14.376,0,0,0,0,0,0,98.496,0.001,0,264.812,12.165,153.054,15.58,143.813,10.332,5.212,25.18,249.645,28.718,3.531,1054.682,34.804,21.367,23.608,-22.405,35.165,20.511,10.179,0,0,4.003,0.325,3.917,16.217,5.678,0.012,0.006,19.634,20.078,20.52,20.736,20.507,20.782,18.775,18.911,18.838,20.368,20.307,20.047,17.679,17.987,17.675,19.509,20.586,3428,1769,2.171717172
3757868916,3.441466665,21.04,17.89,18.308,20.449,12.346,17.562,137.646,0.009,398.338,23.172,14.377,0,0,0,0,0,0,98.5,0.001,0,265.14,12.159,153.081,15.574,143.778,10.325,5.214,25.189,249.74,28.732,3.536,1053.748,34.817,21.321,23.617,-22.404,35.162,20.512,10.187,0,0,4.008,0.351,3.915,16.261,5.732,0.012,0.006,19.628,20.091,20.509,20.727,20.498,20.781,18.768,18.906,18.828,20.351,20.287,20.052,17.692,17.98,17.68,19.501,20.589,3428,1769,2.347595608
3757868918,3.472916667,21.032,17.88,18.31,20.47,12.334,17.562,134.396,0.008,398.346,23.157,14.376,0,0,0,0,0,0,98.498,0.001,0,265.09,12.175,153.053,15.567,143.709,10.31,5.221,25.198,249.933,28.76,3.556,1054.243,34.818,21.373,23.595,-22.397,35.151,20.514,10.204,0,0,4.007,0.344,3.925,16.249,5.682,0.012,0.006,19.619,20.077,20.503,20.733,20.505,20.8,18.783,18.891,18.825,20.365,20.302,20.054,17.682,17.986,17.66,19.493,20.59,3428,1769,2.067574382
3757868920,3.497250001,21.047,17.88,18.309,20.43,12.331,17.562,134.386,0.008,398.322,23.175,14.376,0,0,0,0,0,0,98.505,0.001,0,265.385,12.159,153.129,15.595,143.711,10.31,5.249,25.204,249.998,28.769,3.558,1053.771,34.808,21.336,23.626,-22.402,35.155,20.507,10.197,0,0,4.012,0.336,3.909,16.241,5.714,0.012,0.006,19.615,20.084,20.507,20.743,20.518,20.808,18.786,18.907,18.836,20.372,20.316,20.058,17.704,17.988,17.673,19.493,20.577,3428,1769,2.600681732
3757868921,3.527866666,21.069,17.898,18.31,20.453,12.321,17.562,131.679,0.012,398.322,23.15,14.376,0,0,0,0,0,0,98.497,0.001,0,265.142,12.146,153.049,15.587,143.813,10.332,5.22,25.198,249.926,28.758,3.554,1055.334,34.805,21.375,23.596,-22.394,35.142,20.506,10.174,0,0,4.008,0.338,3.925,16.258,5.667,0.012,0.006,19.618,20.061,20.525,20.754,20.523,20.826,18.789,18.9,18.842,20.383,20.319,20.06,17.697,17.996,17.667,19.488,20.577,3428,1769,2.092524896
3757868924,3.564049999,21.058,17.879,18.31,20.461,12.329,17.561,140.795,0.008,398.322,23.155,14.376,0,0,0,0,0,0,98.502,0.001,0,265.124,12.167,152.987,15.562,143.724,10.313,5.214,25.194,249.926,28.759,3.558,1055.136,34.817,21.389,23.603,-22.391,35.142,20.504,10.191,0,0,4.007,0.33,3.925,16.233,5.678,0.012,0.006,19.591,20.055,20.531,20.744,20.501,20.789,18.777,18.883,18.81,20.388,20.323,20.052,17.687,17.991,17.664,19.484,20.574,3428,1769,2.067574382
3757868925,3.593366671,21.051,17.899,18.309,20.45,12.324,17.562,131.92,0.009,398.338,23.177,14.376,0,0,0,0,0,0,98.501,0.001,0,265.258,12.16,153.088,15.573,143.786,10.327,5.211,25.19,249.692,28.724,3.528,1055.011,34.819,21.409,23.594,-22.388,35.168,20.512,10.185,0,0,4.009,0.354,3.929,16.269,5.678,0.012,0.006,19.607,20.023,20.515,20.755,20.514,20.804,18.767,18.892,18.812,20.382,20.311,20.066,17.689,18.001,17.672,19.486,20.599,3428,1769,2.015621063
3757868927,3.629166667,21.055,17.887,18.309,20.452,12.32,17.561,134.025,0.008,398.314,23.173,14.375,0,0,0,0,0,0,98.502,0.001,0,265.171,12.171,153.058,15.56,143.699,10.308,5.217,25.188,249.934,28.76,3.565,1054.864,34.828,21.379,23.591,-22.395,35.119,20.522,10.214,0,0,4.008,0.331,3.933,16.248,5.666,0.012,0.006,19.603,20.031,20.505,20.737,20.524,20.788,18.758,18.851,18.803,20.393,20.314,20.039,17.696,18.009,17.656,19.492,20.576,3428,1769,1.888930865
3757868929,3.659200001,21.051,17.896,18.309,20.465,12.294,17.562,152.869,0.008,398.306,23.158,14.376,0,0,0,0,0,0,98.503,0.001,0,265.495,12.154,153.11,15.578,143.767,10.322,5.22,25.203,249.802,28.74,3.532,1054.907,34.817,21.348,23.605,-22.393,35.201,20.51,10.188,0,0,4.013,0.339,3.924,16.264,5.587,0.012,0.006,19.606,20.016,20.498,20.738,20.518,20.789,18.766,18.842,18.79,20.398,20.325,20.045,17.69,18.015,17.658,19.491,20.571,3428,1769,2.242660955
3757868931,3.689750004,21.07,17.882,18.309,20.435,12.34,17.562,114.336,0.01,398.338,23.18,14.375,0,0,0,0,0,0,98.502,0.001,0,265.12,12.177,153.028,15.594,143.728,10.314,5.245,25.181,249.877,28.751,3.565,1054.972,34.826,21.334,23.604,-22.397,35.141,20.486,10.172,0,0,4.008,0.382,3.928,16.231,5.731,0.012,0.006,19.592,19.994,20.51,20.746,20.552,20.774,18.764,18.853,18.769,20.423,20.337,20.033,17.687,18,17.637,19.484,20.595,3428,1769,2.016129032
3757868933,3.721566669,21.061,17.883,18.308,20.446,12.324,17.562,132.492,0.006,398.306,23.145,14.376,0,0,0,0,0,0,98.5,0.001,0,265.317,12.163,153.14,15.572,143.873,10.345,5.192,25.194,250.018,28.772,3.571,1055.038,34.82,21.401,23.599,-22.402,35.141,20.508,10.163,0,0,4.01,0.287,3.928,16.238,5.68,0.012,0.006,19.585,20.001,20.502,20.753,20.552,20.789,18.758,18.837,18.734,20.422,20.357,20.032,17.685,18.006,17.626,19.498,20.577,3428,1769,2.06601159
3757868935,3.75268333,21.07,17.878,18.308,20.452,12.309,17.563,131.669,0.008,398.338,23.167,14.376,0,0,0,0,0,0,98.498,0.001,0,265.09,12.164,153.07,15.563,143.905,10.352,5.175,25.19,249.883,28.752,3.556,1055.415,34.834,21.366,23.611,-22.385,35.165,20.495,10.143,0,0,4.006,0.333,3.93,16.225,5.637,0.012,0.006,19.566,19.986,20.475,20.763,20.553,20.817,18.745,18.814,18.709,20.444,20.358,20.035,17.675,17.979,17.6,19.483,20.583,3428,1769,1.915322581
3757868937,3.783899999,21.041,17.882,18.309,20.453,12.325,17.562,137.826,0.008,398.33,23.19,14.375,0,0,0,0,0,0,98.5,0.001,0,265.448,12.179,153.074,15.564,143.83,10.336,5.193,25.19,249.877,28.751,3.555,1055.019,34.841,21.337,23.598,-22.391,35.153,20.482,10.146,0,0,4.012,0.33,3.936,16.248,5.677,0.012,0.006,19.564,19.944,20.453,20.76,20.558,20.783,18.727,18.797,18.705,20.449,20.36,20.024,17.683,17.995,17.59,19.476,20.584,3428,1769,1.9124308
3757868939,3.815249999,21.069,17.885,18.31,20.455,12.313,17.562,135.022,0.008,398.29,23.154,14.376,0,0,0,0,0,0,98.506,0.001,0,265.607,12.171,153.147,15.555,143.744,10.317,5.202,25.212,249.825,28.744,3.525,1054.68,34.835,21.408,23.615,-22.398,35.182,20.492,10.175,0,0,4.014,0.346,3.926,16.238,5.644,0.012,0.006,19.566,19.969,20.456,20.753,20.553,20.8,18.723,18.789,18.707,20.448,20.353,20.038,17.683,17.98,17.574,19.492,20.587,3428,1769,2.216624685
3757868940,3.840116668,21.047,17.89,18.309,20.452,12.314,17.563,135.021,0.008,398.338,23.168,14.376,0,0,0,0,0,0,98.5,0.001,0,265.331,12.174,153.114,15.585,143.76,10.321,5.229,25.185,250.065,28.779,3.588,1055.67,34.805,21.393,23.615,-22.391,35.184,20.493,10.172,0,0,4.011,0.34,3.919,16.257,5.651,0.012,0.006,19.563,19.963,20.453,20.738,20.551,20.796,18.718,18.769,18.699,20.451,20.352,20.054,17.671,17.962,17.577,19.484,20.595,3428,1769,2.320302648
3757868942,3.876666665,21.069,17.88,18.309,20.447,12.31,17.562,140.68,0.009,398.33,23.168,14.376,0,0,0,0,0,0,98.499,0.001,0,265.679,12.179,153.122,15.569,143.849,10.34,5.194,25.179,249.946,28.761,3.576,1055.686,34.834,21.276,23.606,-22.391,35.202,20.511,10.171,0,0,4.016,0.339,3.933,16.229,5.646,0.012,0.006,19.555,19.971,20.459,20.753,20.544,20.787,18.72,18.75,18.682,20.438,20.35,20.051,17.663,17.954,17.59,19.489,20.589,3428,1769,2.088312995
3757868944,3.907699998,21.065,17.885,18.31,20.468,12.31,17.563,160.916,0.009,398.338,23.162,14.376,0,0,0,0,0,0,98.499,0.001,0,265.443,12.169,153.149,15.557,143.765,10.322,5.199,25.184,249.981,28.767,3.577,1054.906,34.834,21.359,23.606,-22.404,35.173,20.491,10.169,0,0,4.012,0.354,3.93,16.24,5.624,0.012,0.006,19.579,19.979,20.48,20.761,20.534,20.793,18.714,18.733,18.679,20.427,20.358,20.066,17.673,17.922,17.593,19.488,20.591,3428,1769,2.06497104
3757868946,3.932883334,21.038,17.887,18.309,20.463,12.302,17.56,160.914,0.011,398.33,23.136,14.375,0,0,0,0,0,0,98.503,0.001,0,265.588,12.158,153.101,15.573,143.852,10.341,5.197,25.164,249.768,28.735,3.566,1055.206,34.813,21.383,23.621,-22.39,35.219,20.499,10.158,0,0,4.015,0.405,3.918,16.257,5.609,0.012,0.006,19.588,19.991,20.466,20.757,20.554,20.8,18.712,18.768,18.691,20.429,20.368,20.062,17.675,17.925,17.596,19.494,20.587,3428,1769,2.445480903
3757868948,3.964916666,21.064,17.902,18.309,20.472,12.322,17.562,124.459,0.01,398.298,23.176,14.375,0,0,0,0,0,0,98.502,0.001,0,265.518,12.168,153.049,15.547,143.792,10.328,5.185,25.172,249.823,28.743,3.565,1055.148,34.858,21.375,23.609,-22.391,35.22,20.491,10.164,0,0,4.013,0.405,3.938,16.267,5.65,0.012,0.006,19.606,19.981,20.498,20.747,20.555,20.797,18.704,18.758,18.685,20.425,20.356,20.065,17.668,17.913,17.606,19.489,20.59,3428,1769,1.88655515
3757868949,3.994549998,21.065,17.894,18.31,20.456,12.312,17.561,145.623,0.007,398.298,23.185,14.375,0,0,0,0,0,0,98.508,0.001,0,265.66,12.185,153.096,15.558,143.859,10.342,5.181,25.17,249.747,28.732,3.556,1054.737,34.844,21.345,23.635,-22.382,35.175,20.496,10.154,0,0,4.015,0.313,3.922,16.255,5.641,0.012,0.006,19.6,19.992,20.491,20.761,20.543,20.798,18.691,18.732,18.673,20.423,20.332,20.072,17.65,17.898,17.605,19.497,20.593,3428,1769,2.343454706
