Time elapsed (s),Time elapsed (min),Tdb_in (C),Twb_in (C),RH_in,Tdb_out (C),Twb_out(C),RH_out(C),Q_dot_air_TriCoil (CFM),dP_nozzle_TriCoil (in W.G.),Pin_nozzle_TriCoil (in W.G),Outdoor Temp (C),Atm Pressure (PSI),Heater Output (kW),FMWP,FMEP,LBWP,LBEP,Steam Humidifier (%),Q_dot_air_wt (CFM),dP_nozzle (in W.G.),Pin_nozzle (PSIG),m_dot_r (kg/h),T_evap_in (C),P_evap_in_coolprop (PSI),T_evap_out (C),P_evap_out (PSIG),T_evap_sat (C),SH (K),T_exv_in (C),P_exv_in (PSIG),T_cond_sat (C),SC (K),m_dot_w (kg/h),T_w_in (C),P_w_in (PSIG),T_w_out (C),dp_w (in W.G.),Water Heater (% of total capacity),T_evap_out_TC (C),SH_TC (K),Water Reverse Flow,TriCoil Refr. Reverse Flow,Q_ref (tons),Q_air (tons),Q_w (tons),Inlet Air Dew Point (C),Outlet Air Dew Point (C),Inlet Air Humdity Ratio (kg/kg),Outlet Air Humidity Ratio (kg/kg),TriCoil Outlet (11),TriCoil Outlet (12),TriCoil Outlet (13),TriCoil Outlet (21),TriCoil Outlet (22),TriCoil Outlet (23),TriCoil Outlet (31),TriCoil Outlet (32),TriCoil Outlet (33),TriCoil Outlet (41),TriCoil Outlet (42),TriCoil Outlet (43),TriCoil Outlet (51),TriCoil Outlet (52),TriCoil Outlet (53) ,TriCoil Outlet (Avg),DB2_TC,,
3760041056,0,25.84,11.86,13.157,17.723,8.248,12.918,1718.035,0.87,399.501,26.981,14.418,3.828,0,0,0,0,0,5611.743,1.351,0,281.409,12.181,153.045,15.335,141.87,9.923,5.376,27.722,278.83,32.806,5.078,841.032,26.847,16.148,20.677,-22.769,15.943,18.307,8.383,0,0,4.161,2.172,1.723,-2.511,-2.762,0.003,0.003,17.618,15.996,16.952,18.331,18.538,18.429,16.769,16.123,16.414,18.233,18.117,18.338,15.884,14.861,14.918,17.034,19.353,3725,0
3760041057,0.023316662,25.854,11.806,13.156,17.74,8.245,12.919,1718.112,0.93,399.502,26.972,14.418,3.821,0,0,0,0,0,5557.591,1.373,0,281.111,12.18,153.115,15.343,141.766,9.901,5.407,27.679,278.847,32.809,5.124,841.005,26.834,16.116,20.704,-22.768,15.98,18.295,8.394,0,0,4.158,2.203,1.711,-2.74,-2.799,0.003,0.003,17.583,15.974,16.949,18.335,18.56,18.457,16.781,16.133,16.406,18.25,18.142,18.314,15.881,14.851,14.901,17.037,19.372,3725,0
3760041059,0.058733328,25.826,11.845,13.155,17.733,8.269,12.919,1705.375,0.874,399.516,26.982,14.418,3.806,0,0,0,0,0,5557.868,1.364,0,280.986,12.177,153.113,15.352,141.876,9.925,5.392,27.717,278.803,32.803,5.08,841.106,26.861,16.11,20.702,-22.769,15.985,18.282,8.357,0,0,4.155,2.216,1.72,-2.545,-2.708,0.003,0.003,17.597,15.989,16.955,18.314,18.533,18.443,16.767,16.131,16.396,18.226,18.136,18.315,15.891,14.863,14.909,17.045,19.35,3725,0
3760041062,0.096866663,25.821,11.846,13.157,17.731,8.238,12.92,1704.452,0.915,399.501,26.983,14.417,3.781,0,0,0,0,0,5580.448,1.36,0,280.839,12.175,153.095,15.338,141.932,9.937,5.366,27.69,278.898,32.816,5.12,839.943,26.834,16.094,20.697,-22.768,15.986,18.273,8.336,0,0,4.153,2.219,1.711,-2.533,-2.809,0.003,0.003,17.573,15.982,16.957,18.329,18.531,18.453,16.778,16.138,16.414,18.242,18.178,18.328,15.889,14.862,14.9,17.041,19.345,3725,0
3760041064,0.127866666,25.828,11.808,13.156,17.747,8.236,12.917,1697.36,0.914,399.484,26.975,14.417,3.73,0,0,0,0,0,5573.552,1.358,0,281.063,12.181,153.09,15.344,141.856,9.92,5.389,27.691,278.769,32.798,5.101,840.006,26.841,16.169,20.715,-22.768,15.969,18.267,8.347,0,0,4.157,2.193,1.708,-2.688,-2.839,0.003,0.003,17.59,15.967,16.954,18.328,18.524,18.452,16.774,16.134,16.411,18.228,18.158,18.323,15.884,14.854,14.906,17.04,19.366,3725,0
3760041065,0.159083327,25.819,11.845,13.274,17.724,8.26,12.919,1665.821,0.905,399.482,26.969,14.418,3.745,0,0,0,0,0,5570.405,1.371,0,281.002,12.179,153.118,15.303,141.809,9.91,5.358,27.707,279.073,32.839,5.125,841.099,26.881,16.166,20.716,-22.768,15.953,18.289,8.379,0,0,4.155,2.194,1.721,-2.539,-2.723,0.003,0.003,17.566,15.972,16.95,18.325,18.538,18.451,16.783,16.152,16.425,18.251,18.136,18.322,15.879,14.857,14.91,17.047,19.364,3725,0
3760041067,0.186966666,25.822,11.832,13.157,17.717,8.258,12.92,1686.132,0.868,399.524,26.947,14.418,3.578,0,0,0,0,0,5592.762,1.37,0,281.101,12.187,153.108,15.307,141.878,9.925,5.347,27.701,278.928,32.82,5.113,841.039,26.854,16.198,20.714,-22.768,16.004,18.292,8.366,0,0,4.156,2.146,1.714,-2.588,-2.718,0.003,0.003,17.564,15.969,16.954,18.316,18.52,18.452,16.78,16.137,16.418,18.236,18.13,18.323,15.894,14.866,14.92,17.062,19.351,3725,0
3760041069,0.210649999,25.842,11.847,13.157,17.722,8.253,12.919,1707.201,0.892,399.499,26.964,14.417,3.506,0,0,0,0,0,5591.632,1.371,0,280.924,12.184,153.144,15.282,141.714,9.89,5.357,27.704,278.682,32.786,5.076,841.112,26.859,16.173,20.714,-22.768,15.989,18.274,8.384,0,0,4.153,2.185,1.716,-2.565,-2.745,0.003,0.003,17.552,15.961,16.951,18.323,18.551,18.459,16.784,16.148,16.426,18.239,18.143,18.326,15.892,14.861,14.908,17.049,19.347,3725,0
3760041070,0.240699999,25.845,11.858,13.156,17.691,8.25,12.919,1690.303,0.917,399.483,26.99,14.418,3.577,0,0,0,0,0,5593.746,1.359,0,280.915,12.164,153.134,15.284,141.775,9.903,5.346,27.706,278.732,32.793,5.081,840.96,26.859,16.147,20.714,-22.767,15.986,18.292,8.389,0,0,4.153,2.222,1.715,-2.528,-2.707,0.003,0.003,17.548,15.964,16.96,18.345,18.535,18.468,16.792,16.136,16.412,18.246,18.138,18.341,15.886,14.859,14.919,17.049,19.367,3725,0
3760041072,0.26868333,25.839,11.856,13.156,17.711,8.238,12.92,1689.136,0.897,399.51,26.981,14.418,3.608,0,0,0,0,0,5570.413,1.354,0,281.001,12.179,153.034,15.283,141.868,9.923,5.324,27.688,278.828,32.806,5.112,841.261,26.848,16.116,20.719,-22.768,16.007,18.295,8.372,0,0,4.154,2.205,1.712,-2.526,-2.779,0.003,0.003,17.574,15.963,16.949,18.341,18.539,18.476,16.79,16.138,16.435,18.25,18.156,18.316,15.887,14.863,14.908,17.055,19.365,3725,0
3760041074,0.29636666,25.833,11.825,13.157,17.737,8.231,12.918,1696.129,0.896,399.525,26.974,14.418,3.662,0,0,0,0,0,5562.373,1.357,0,280.695,12.169,153.109,15.293,141.757,9.899,5.359,27.694,278.901,32.816,5.116,841.126,26.848,16.087,20.739,-22.768,16.024,18.286,8.387,0,0,4.15,2.187,1.706,-2.634,-2.844,0.003,0.003,17.578,15.981,16.918,18.332,18.549,18.472,16.772,16.123,16.421,18.238,18.158,18.316,15.889,14.856,14.911,17.052,19.365,3725,0
3760041075,0.32373333,25.846,11.843,13.157,17.744,8.248,12.92,1687.786,0.904,399.501,26.996,14.418,3.614,0,0,0,0,0,5568.223,1.362,0,281.007,12.171,153.058,15.297,141.832,9.915,5.347,27.694,278.853,32.809,5.11,840.929,26.874,16.103,20.725,-22.768,15.982,18.291,8.375,0,0,4.155,2.198,1.716,-2.586,-2.795,0.003,0.003,17.577,15.982,16.929,18.362,18.542,18.464,16.786,16.137,16.415,18.254,18.146,18.327,15.877,14.863,14.898,17.054,19.355,3725,0
3760041077,0.3511,25.858,11.816,13.155,17.72,8.239,12.919,1673.881,0.894,399.509,26.988,14.417,3.675,0,0,0,0,0,5577.335,1.368,0,280.725,12.16,153.068,15.309,141.876,9.925,5.349,27.707,278.659,32.783,5.07,841.042,26.852,16.101,20.729,-22.769,16.003,18.291,8.366,0,0,4.15,2.175,1.709,-2.705,-2.787,0.003,0.003,17.618,15.988,16.95,18.362,18.547,18.459,16.79,16.136,16.424,18.257,18.133,18.324,15.888,14.873,14.923,17.049,19.36,3725,0
3760041079,0.380599999,25.836,11.834,13.157,17.71,8.257,12.919,1684.156,0.878,399.484,26.984,14.417,3.64,0,0,0,0,0,5588.171,1.355,0,280.608,12.173,153.016,15.327,141.708,9.888,5.403,27.719,278.78,32.8,5.075,840.281,26.848,16.085,20.75,-22.769,15.978,18.293,8.405,0,0,4.149,2.158,1.701,-2.604,-2.712,0.003,0.003,17.624,15.977,16.955,18.351,18.543,18.455,16.775,16.13,16.413,18.251,18.124,18.328,15.902,14.86,14.929,17.05,19.356,3725,0
3760041081,0.409749993,25.809,11.828,13.156,17.719,8.244,12.919,1696.006,0.89,399.493,26.972,14.419,3.711,0,0,0,0,0,5563.806,1.353,0,281.031,12.167,153.076,15.337,141.695,9.885,5.416,27.696,278.916,32.818,5.115,842.033,26.844,16.128,20.715,-22.768,16.019,18.286,8.4,0,0,4.157,2.176,1.713,-2.587,-2.772,0.003,0.003,17.647,15.987,16.978,18.348,18.527,18.463,16.782,16.123,16.386,18.248,18.118,18.319,15.892,14.863,14.917,17.042,19.354,3725,0
3760041083,0.445183333,25.818,11.805,13.157,17.72,8.248,12.919,1714.296,0.904,399.532,26.963,14.419,3.748,0,0,0,0,0,5560.142,1.365,0,281.075,12.176,153.047,15.336,141.808,9.91,5.391,27.691,278.616,32.778,5.081,841.036,26.853,16.16,20.721,-22.767,16.039,18.278,8.368,0,0,4.157,2.174,1.712,-2.688,-2.76,0.003,0.003,17.665,15.982,16.956,18.363,18.554,18.461,16.796,16.122,16.403,18.253,18.14,18.321,15.894,14.876,14.917,17.044,19.35,3725,0
3760041084,0.475399995,25.826,11.796,13.156,17.742,8.256,12.919,1695.444,0.926,399.54,26.952,14.418,3.766,0,0,0,0,0,5581.659,1.385,0,280.854,12.17,153.093,15.348,141.825,9.914,5.399,27.745,278.955,32.823,5.072,841.05,26.898,16.133,20.715,-22.768,16.021,18.273,8.359,0,0,4.152,2.187,1.726,-2.73,-2.766,0.003,0.003,17.684,16.006,16.956,18.401,18.563,18.495,16.812,16.146,16.411,18.257,18.143,18.335,15.907,14.889,14.919,17.042,19.346,3725,0
3760041087,0.51006666,25.825,11.8,13.157,17.723,8.248,12.919,1675.251,0.903,399.505,26.973,14.418,3.742,0,0,0,0,0,5618.432,1.368,0,281.072,12.182,153.061,15.376,141.859,9.921,5.42,27.737,278.818,32.805,5.062,840.68,26.875,16.166,20.713,-22.77,16.024,18.288,8.367,0,0,4.156,2.169,1.719,-2.717,-2.763,0.003,0.003,17.678,16.002,16.943,18.39,18.553,18.483,16.784,16.139,16.395,18.247,18.125,18.327,15.881,14.87,14.912,17.042,19.368,3725,0
3760041088,0.541066662,25.863,11.815,13.156,17.718,8.229,12.919,1700.917,0.879,399.518,26.951,14.419,3.712,0,0,0,0,0,5588.295,1.372,0,281.06,12.179,153.121,15.387,141.78,9.904,5.447,27.713,278.96,32.824,5.105,840.053,26.876,16.128,20.733,-22.767,16.023,18.298,8.395,0,0,4.157,2.164,1.713,-2.72,-2.821,0.003,0.003,17.685,15.993,16.945,18.384,18.53,18.473,16.794,16.143,16.404,18.243,18.143,18.33,15.892,14.866,14.915,17.047,19.356,3725,0
3760041090,0.569283326,25.816,11.832,13.157,17.716,8.237,12.919,1696.802,0.91,399.535,26.981,14.419,3.81,0,0,0,0,0,5593.586,1.358,0,281.006,12.188,153.106,15.389,141.831,9.915,5.439,27.718,279.078,32.84,5.116,840.917,26.866,16.137,20.718,-22.767,16.001,18.291,8.376,0,0,4.156,2.204,1.716,-2.582,-2.79,0.003,0.003,17.682,15.993,16.95,18.392,18.552,18.48,16.799,16.148,16.405,18.256,18.146,18.35,15.885,14.865,14.916,17.044,19.363,3725,0
3760041092,0.596249994,25.855,11.797,13.155,17.729,8.234,12.919,1718.87,0.905,399.532,26.95,14.42,3.796,0,0,0,0,0,5569.5,1.365,0,281.077,12.188,153.151,15.418,141.777,9.903,5.48,27.701,278.908,32.817,5.11,840.991,26.859,16.153,20.744,-22.768,16.017,18.293,8.389,0,0,4.159,2.177,1.707,-2.776,-2.82,0.003,0.003,17.675,15.992,16.949,18.383,18.55,18.49,16.797,16.141,16.409,18.259,18.138,18.339,15.889,14.865,14.904,17.042,19.354,3725,0
3760041093,0.6238,25.818,11.823,13.156,17.724,8.241,13.035,1703.72,0.931,399.566,26.979,14.418,3.778,0,0,0,0,0,5582.349,1.382,0,281.003,12.181,153.151,15.389,141.725,9.892,5.461,27.713,278.774,32.799,5.079,841.118,26.869,16.064,20.727,-22.768,16.032,18.276,8.384,0,0,4.157,2.219,1.715,-2.617,-2.787,0.003,0.003,17.682,16.005,16.974,18.359,18.539,18.479,16.803,16.152,16.397,18.263,18.142,18.333,15.884,14.878,14.917,17.032,19.361,3725,0
3760041095,0.655349994,25.826,11.83,13.157,17.731,8.23,12.919,1710.069,0.913,399.514,26.977,14.418,3.874,0,0,0,0,0,5613.089,1.367,0,281.067,12.18,153.114,15.367,141.822,9.913,5.419,27.699,279.158,32.851,5.145,841.209,26.884,16.1,20.74,-22.769,16.035,18.294,8.381,0,0,4.157,2.21,1.716,-2.605,-2.835,0.003,0.003,17.683,15.98,16.971,18.364,18.529,18.473,16.774,16.138,16.386,18.235,18.142,18.349,15.899,14.888,14.926,17.038,19.348,3725,0
3760041097,0.687049993,25.869,11.837,13.156,17.717,8.248,12.918,1681.457,0.921,399.517,26.967,14.42,3.857,0,0,0,0,0,5586.29,1.364,0,281.419,12.173,153.113,15.385,141.748,9.897,5.453,27.695,279.162,32.851,5.149,840.149,26.823,16.082,20.73,-22.768,16.043,18.28,8.383,0,0,4.164,2.213,1.699,-2.645,-2.757,0.003,0.003,17.662,15.993,16.961,18.365,18.544,18.482,16.802,16.142,16.394,18.268,18.144,18.325,15.895,14.867,14.908,17.031,19.361,3725,0
3760041099,0.714183331,25.869,11.801,13.157,17.746,8.231,12.919,1693.907,0.887,399.563,26.986,14.418,3.879,0,0,0,0,0,5579.765,1.375,0,281.273,12.174,153.077,15.36,141.782,9.905,5.421,27.699,279.029,32.833,5.128,841.071,26.837,16.17,20.746,-22.768,16.009,18.299,8.395,0,0,4.16,2.162,1.701,-2.779,-2.858,0.003,0.003,17.673,15.985,16.969,18.345,18.519,18.455,16.803,16.138,16.382,18.23,18.137,18.321,15.887,14.865,14.924,17.041,19.356,3725,0
3760041101,0.742999999,25.809,11.825,13.156,17.732,8.233,12.919,1677.82,0.901,399.526,26.979,14.419,3.828,0,0,0,0,0,5600.675,1.367,0,281.067,12.173,153.082,15.348,141.739,9.895,5.418,27.719,279.037,32.834,5.109,840.753,26.837,16.141,20.746,-22.769,16.009,18.31,8.414,0,0,4.156,2.193,1.7,-2.598,-2.83,0.003,0.003,17.679,15.997,16.972,18.355,18.504,18.465,16.792,16.137,16.39,18.245,18.129,18.323,15.89,14.867,14.918,17.043,19.352,3725,0
3760041103,0.778916661,25.817,11.827,13.157,17.73,8.252,12.919,1692.644,0.882,399.546,26.984,14.418,3.816,0,0,0,0,0,5585.027,1.336,0,281.361,12.171,153.076,15.352,141.807,9.91,5.407,27.682,279.154,32.85,5.162,840.923,26.862,16.154,20.718,-22.768,15.992,18.299,8.389,0,0,4.162,2.162,1.715,-2.602,-2.76,0.003,0.003,17.657,15.995,16.979,18.352,18.51,18.452,16.802,16.141,16.38,18.241,18.124,18.323,15.898,14.874,14.909,17.038,19.354,3725,0
3760041104,0.80838333,25.821,11.837,13.157,17.705,8.251,12.919,1669.697,0.9,399.501,26.955,14.418,3.874,0,0,0,0,0,5531.476,1.38,0,280.985,12.183,153.065,15.337,141.826,9.914,5.388,27.697,278.999,32.829,5.126,840.984,26.861,16.132,20.73,-22.768,16.011,18.283,8.37,0,0,4.155,2.188,1.711,-2.569,-2.725,0.003,0.003,17.645,15.976,16.945,18.351,18.53,18.47,16.809,16.137,16.393,18.245,18.139,18.328,15.89,14.864,14.906,17.031,19.37,3725,0
3760041106,0.835183326,25.83,11.806,13.155,17.727,8.227,12.919,1690.095,0.873,399.516,26.894,14.419,3.925,0,0,0,0,0,5608.525,1.38,0,280.92,12.185,153.126,15.329,141.828,9.914,5.38,27.738,279.04,32.835,5.091,841.166,26.886,16.096,20.714,-22.769,16.022,18.296,8.382,0,0,4.153,2.153,1.723,-2.702,-2.842,0.003,0.003,17.642,15.975,16.96,18.374,18.549,18.454,16.814,16.144,16.384,18.263,18.15,18.327,15.897,14.864,14.907,17.039,19.359,3725,0
3760041108,0.869516667,25.818,11.843,13.157,17.71,8.248,12.919,1700.625,0.897,399.538,26.978,14.418,3.875,0,0,0,0,0,5609.08,1.359,0,280.946,12.181,153.138,15.311,141.889,9.928,5.348,27.716,278.993,32.829,5.106,841.05,26.878,16.153,20.718,-22.768,16.022,18.301,8.373,0,0,4.153,2.19,1.72,-2.542,-2.741,0.003,0.003,17.627,15.977,16.944,18.395,18.529,18.455,16.803,16.143,16.382,18.265,18.143,18.324,15.894,14.862,14.914,17.037,19.359,3725,0
3760041110,0.89708333,25.794,11.831,13.155,17.714,8.264,12.919,1679.506,0.909,399.508,26.95,14.418,3.827,0,0,0,0,0,5572.092,1.357,0,280.805,12.189,153.113,15.339,141.878,9.925,5.379,27.706,278.903,32.816,5.104,840.033,26.849,16.142,20.72,-22.769,15.981,18.288,8.362,0,0,4.152,2.187,1.709,-2.551,-2.695,0.003,0.003,17.626,15.969,16.94,18.373,18.544,18.458,16.791,16.132,16.389,18.264,18.144,18.319,15.902,14.868,14.912,17.041,19.344,3725,0
3760041111,0.926016665,25.844,11.857,13.157,17.722,8.261,12.919,1692.632,0.884,399.517,26.952,14.42,3.887,0,0,0,0,0,5568.499,1.365,0,281.086,12.178,153.157,15.319,141.864,9.922,5.362,27.722,278.927,32.819,5.091,840.158,26.835,16.176,20.714,-22.769,16.023,18.296,8.374,0,0,4.155,2.179,1.707,-2.532,-2.718,0.003,0.003,17.604,15.968,16.927,18.354,18.536,18.417,16.8,16.132,16.382,18.254,18.128,18.32,15.891,14.866,14.901,17.042,19.356,3725,0
3760041113,0.957366665,25.834,11.861,13.156,17.711,8.259,12.919,1679.076,0.9,399.557,26.969,14.417,3.859,0,0,0,0,0,5582.459,1.373,0,281.259,12.18,153.1,15.298,141.899,9.93,5.333,27.701,279.012,32.831,5.124,840.788,26.858,16.152,20.729,-22.768,16.013,18.289,8.359,0,0,4.158,2.199,1.711,-2.499,-2.705,0.003,0.003,17.6,15.988,16.948,18.337,18.524,18.443,16.803,16.14,16.389,18.254,18.145,18.339,15.89,14.863,14.914,17.035,19.364,3725,0
3760041115,0.992383329,25.815,11.831,13.157,17.727,8.249,12.918,1669.656,0.884,399.492,26.95,14.418,3.957,0,0,0,0,0,5595.873,1.354,0,281.025,12.177,153.113,15.339,141.719,9.891,5.413,27.704,278.926,32.819,5.109,840.576,26.85,16.105,20.715,-22.767,15.952,18.295,8.405,0,0,4.156,2.168,1.712,-2.584,-2.766,0.003,0.003,17.594,15.97,16.932,18.323,18.524,18.431,16.804,16.134,16.389,18.251,18.131,18.325,15.884,14.855,14.921,17.038,19.368,3725,0
3760041117,1.021149993,25.804,11.861,13.157,17.711,8.255,12.919,1672.371,0.873,399.517,26.964,14.418,3.896,0,0,0,0,0,5563.194,1.37,0,281.028,12.181,153.099,15.316,141.882,9.926,5.355,27.715,278.831,32.807,5.086,841.155,26.848,16.15,20.708,-22.769,15.993,18.32,8.394,0,0,4.155,2.172,1.715,-2.453,-2.719,0.003,0.003,17.62,15.997,16.951,18.319,18.532,18.432,16.802,16.14,16.396,18.253,18.15,18.333,15.885,14.874,14.922,17.057,19.355,3725,0
3760041119,1.057166664,25.812,11.86,13.157,17.755,8.261,12.919,1684.148,0.876,399.509,26.984,14.419,3.991,0,0,0,0,0,5591.184,1.345,0,281.299,12.176,153.115,15.325,141.743,9.896,5.394,27.688,278.801,32.803,5.108,840.142,26.83,16.195,20.724,-22.769,15.985,18.299,8.404,0,0,4.16,2.172,1.703,-2.471,-2.769,0.003,0.003,17.633,15.992,16.958,18.325,18.532,18.467,16.802,16.126,16.391,18.248,18.161,18.339,15.891,14.873,14.915,17.043,19.358,3725,0
3760041121,1.080666661,25.815,11.831,13.157,17.738,8.248,12.92,1684.07,0.89,399.539,26.949,14.418,3.882,0,0,0,0,0,5546.219,1.366,0,280.615,12.177,153.093,15.326,141.837,9.916,5.375,27.7,278.905,32.817,5.11,841.094,26.857,16.147,20.718,-22.768,16.002,18.305,8.388,0,0,4.15,2.176,1.714,-2.58,-2.785,0.003,0.003,17.63,15.996,16.95,18.305,18.525,18.457,16.804,16.13,16.379,18.253,18.15,18.329,15.884,14.872,14.908,17.045,19.348,3725,0
3760041122,1.108399995,25.812,11.808,13.156,17.702,8.241,12.919,1684.805,0.906,399.499,26.989,14.418,3.848,0,0,0,0,0,5545.937,1.377,0,280.994,12.183,153.098,15.341,141.822,9.913,5.393,27.716,278.937,32.821,5.098,841.146,26.871,16.152,20.723,-22.768,16.002,18.277,8.364,0,0,4.155,2.165,1.717,-2.663,-2.754,0.003,0.003,17.632,15.972,16.943,18.308,18.542,18.446,16.783,16.115,16.377,18.234,18.134,18.31,15.877,14.881,14.903,17.034,19.353,3725,0
3760041124,1.139183331,25.846,11.838,13.155,17.739,8.276,12.919,1685.285,0.891,399.519,26.988,14.418,3.965,0,0,0,0,0,5603.023,1.366,0,280.954,12.177,153.129,15.35,141.914,9.933,5.382,27.711,278.958,32.824,5.106,841.132,26.869,16.083,20.705,-22.768,15.963,18.281,8.348,0,0,4.154,2.164,1.721,-2.604,-2.693,0.003,0.003,17.609,15.992,16.935,18.326,18.556,18.478,16.801,16.138,16.388,18.254,18.148,18.297,15.888,14.871,14.906,17.046,19.361,3725,0
3760041126,1.170716667,25.839,11.807,13.157,17.746,8.24,12.919,1689.575,0.891,399.525,26.996,14.417,3.882,0,0,0,0,0,5584.117,1.368,0,280.725,12.177,153.095,15.354,141.88,9.926,5.393,27.686,279.001,32.829,5.137,840.845,26.846,16.146,20.729,-22.768,15.996,18.279,8.353,0,0,4.152,2.165,1.707,-2.71,-2.824,0.003,0.003,17.602,15.977,16.953,18.303,18.539,18.477,16.799,16.131,16.395,18.243,18.152,18.327,15.895,14.871,14.893,17.043,19.375,3725,0
3760041128,1.200583331,25.851,11.835,13.157,17.742,8.241,12.919,1676.444,0.896,399.485,27.001,14.418,3.774,0,0,0,0,0,5587.792,1.344,0,281.062,12.187,153.097,15.308,141.876,9.925,5.348,27.729,278.837,32.807,5.072,841.084,26.876,16.151,20.737,-22.768,15.996,18.298,8.374,0,0,4.154,2.189,1.714,-2.625,-2.817,0.003,0.003,17.607,15.988,16.966,18.32,18.541,18.461,16.797,16.131,16.403,18.252,18.139,18.327,15.883,14.884,14.914,17.048,19.365,3725,0
3760041130,1.232316661,25.846,11.802,13.157,17.739,8.232,12.917,1690.626,0.881,399.524,26.979,14.419,3.822,0,0,0,0,0,5545.463,1.368,0,280.917,12.177,153.149,15.292,141.932,9.937,5.32,27.722,279.05,32.836,5.107,841.062,26.882,16.129,20.741,-22.768,16.009,18.303,8.366,0,0,4.152,2.156,1.714,-2.74,-2.843,0.003,0.003,17.601,15.988,16.959,18.34,18.545,18.462,16.794,16.143,16.395,18.254,18.147,18.314,15.892,14.882,14.914,17.046,19.373,3725,0
3760041132,1.259833328,25.86,11.811,13.156,17.767,8.22,12.919,1695.497,0.897,399.536,26.979,14.419,3.821,0,0,0,0,0,5586.916,1.367,0,281.021,12.191,153.095,15.325,141.847,9.919,5.371,27.691,278.848,32.809,5.111,841.006,26.898,16.139,20.748,-22.769,15.995,18.3,8.381,0,0,4.156,2.187,1.717,-2.73,-2.928,0.003,0.003,17.58,15.978,16.929,18.365,18.532,18.439,16.781,16.156,16.402,18.248,18.14,18.314,15.876,14.867,14.914,17.052,19.367,3725,0
3760041133,1.290066663,25.867,11.839,13.157,17.727,8.234,12.918,1695.59,0.903,399.531,26.969,14.419,3.762,0,0,0,0,0,5586.851,1.359,0,281.277,12.179,153.166,15.312,141.789,9.906,5.371,27.693,278.788,32.801,5.102,841.024,26.887,16.177,20.73,-22.769,15.927,18.295,8.389,0,0,4.159,2.203,1.719,-2.634,-2.818,0.003,0.003,17.593,15.98,16.931,18.351,18.526,18.462,16.801,16.132,16.391,18.253,18.146,18.324,15.903,14.869,14.916,17.047,19.374,3725,0
3760041135,1.320783329,25.823,11.825,13.156,17.733,8.245,12.919,1676.662,0.903,399.532,26.983,14.419,3.856,0,0,0,0,0,5571.832,1.361,0,280.846,12.18,153.108,15.325,141.774,9.903,5.387,27.711,278.788,32.801,5.084,841.089,26.864,16.146,20.714,-22.768,15.961,18.285,8.382,0,0,4.153,2.188,1.717,-2.62,-2.79,0.003,0.003,17.608,15.991,16.946,18.4,18.551,18.503,16.804,16.15,16.388,18.281,18.172,18.343,15.906,14.883,14.925,17.044,19.368,3725,0
3760041137,1.348599998,25.848,11.82,13.157,17.734,8.255,12.918,1642.259,0.881,399.531,26.986,14.418,3.789,0,0,0,0,0,5575.859,1.38,0,281.003,12.171,153.111,15.292,141.78,9.904,5.353,27.689,278.852,32.809,5.114,841.049,26.863,16.164,20.711,-22.769,15.96,18.293,8.389,0,0,4.155,2.154,1.718,-2.676,-2.756,0.003,0.003,17.615,15.974,16.93,18.391,18.542,18.491,16.787,16.145,16.389,18.262,18.15,18.316,15.878,14.868,14.905,17.056,19.358,3725,0
3760041139,1.383166663,25.815,11.795,13.156,17.722,8.248,12.919,1727.012,0.841,399.511,26.973,14.42,3.796,0,0,0,0,0,5609.153,1.363,0,281.054,12.183,153.07,15.32,141.801,9.908,5.377,27.732,278.796,32.802,5.064,841.006,26.878,16.095,20.709,-22.768,15.958,18.291,8.383,0,0,4.155,2.098,1.722,-2.723,-2.763,0.003,0.003,17.621,15.979,16.96,18.376,18.535,18.482,16.811,16.135,16.403,18.269,18.156,18.308,15.891,14.859,14.894,17.053,19.359,3725,0
3760041141,1.41305,25.826,11.817,13.156,17.73,8.25,12.919,1699.635,0.941,399.578,26.965,14.419,3.86,0,0,0,0,0,5578.197,1.373,0,280.973,12.157,153.128,15.352,141.773,9.903,5.414,27.702,278.967,32.825,5.117,840.959,26.862,16.148,20.724,-22.769,15.973,18.284,8.381,0,0,4.156,2.22,1.714,-2.654,-2.767,0.003,0.003,17.599,15.968,16.947,18.35,18.533,18.458,16.786,16.122,16.389,18.252,18.128,18.327,15.895,14.861,14.893,17.053,19.366,3725,0
3760041142,1.441783333,25.826,11.799,13.155,17.74,8.252,12.92,1689.871,0.908,399.538,26.98,14.418,3.781,0,0,0,0,0,5596.216,1.37,0,280.898,12.18,152.998,15.327,141.798,9.908,5.383,27.718,278.926,32.82,5.095,840.211,26.885,16.17,20.715,-22.767,15.968,18.286,8.378,0,0,4.153,2.171,1.721,-2.723,-2.776,0.003,0.003,17.614,15.987,16.993,18.34,18.547,18.47,16.779,16.134,16.395,18.264,18.132,18.339,15.9,14.877,14.919,17.048,19.366,3725,0
3760041144,1.471699993,25.847,11.873,13.157,17.718,8.241,12.92,1690.446,0.897,399.523,26.993,14.419,3.782,0,0,0,0,0,5591.647,1.378,0,281.072,12.181,153.112,15.347,141.724,9.892,5.42,27.693,278.71,32.79,5.091,841.22,26.889,16.139,20.733,-22.769,15.945,18.292,8.4,0,0,4.158,2.214,1.719,-2.478,-2.778,0.003,0.003,17.592,15.982,16.963,18.334,18.557,18.474,16.793,16.149,16.394,18.266,18.13,18.345,15.888,14.869,14.913,17.044,19.356,3725,0
3760041146,1.503316665,25.843,11.849,13.157,17.737,8.255,12.919,1681.816,0.897,399.532,26.963,14.418,3.79,0,0,0,0,0,5605.115,1.349,0,281.011,12.164,153.117,15.342,141.826,9.914,5.393,27.671,278.879,32.813,5.136,840.94,26.826,16.127,20.726,-22.769,16.036,18.286,8.372,0,0,4.157,2.19,1.703,-2.562,-2.76,0.003,0.003,17.57,15.974,16.972,18.338,18.539,18.484,16.802,16.147,16.417,18.291,18.149,18.363,15.891,14.872,14.91,17.053,19.364,3725,0
3760041148,1.538666662,25.835,11.817,13.157,17.713,8.241,12.918,1665.847,0.887,399.525,26.998,14.418,3.684,0,0,0,0,0,5554.596,1.364,0,281.036,12.183,153.032,15.345,141.804,9.909,5.4,27.688,278.861,32.811,5.117,841.118,26.83,16.158,20.713,-22.769,16.037,18.287,8.378,0,0,4.157,2.167,1.708,-2.665,-2.771,0.003,0.003,17.586,15.985,16.958,18.338,18.544,18.485,16.784,16.13,16.408,18.265,18.154,18.367,15.88,14.881,14.924,17.054,19.368,3725,0
3760041150,1.568266662,25.849,11.823,13.157,17.743,8.233,12.92,1698.504,0.868,399.501,26.974,14.418,3.722,0,0,0,0,0,5580.343,1.369,0,280.989,12.181,153.127,15.361,141.746,9.896,5.429,27.695,278.95,32.823,5.121,840.674,26.881,16.151,20.731,-22.768,16.017,18.298,8.401,0,0,4.157,2.154,1.716,-2.666,-2.844,0.003,0.003,17.592,15.985,16.968,18.351,18.555,18.482,16.805,16.149,16.405,18.272,18.151,18.368,15.887,14.884,14.93,17.056,19.367,3725,0
3760041152,1.597966663,25.848,11.82,13.156,17.709,8.27,12.919,1692.319,0.907,399.515,26.961,14.419,3.769,0,0,0,0,0,5590.358,1.361,0,280.951,12.176,153.117,15.39,141.859,9.921,5.434,27.688,279.095,32.842,5.148,841.08,26.865,16.154,20.725,-22.768,15.979,18.308,8.387,0,0,4.157,2.173,1.714,-2.676,-2.666,0.003,0.003,17.585,15.986,16.953,18.333,18.575,18.484,16.794,16.146,16.401,18.276,18.146,18.334,15.9,14.87,14.913,17.058,19.36,3725,0
3760041154,1.634149996,25.866,11.837,13.156,17.737,8.252,12.919,1691.595,0.9,399.534,26.978,14.418,3.803,0,0,0,0,0,5574.28,1.37,0,281.137,12.163,153.09,15.395,141.81,9.911,5.449,27.667,278.831,32.807,5.134,840.662,26.847,16.179,20.746,-22.769,15.982,18.286,8.375,0,0,4.16,2.187,1.702,-2.643,-2.772,0.003,0.003,17.587,15.992,16.95,18.351,18.569,18.474,16.797,16.133,16.402,18.275,18.136,18.32,15.893,14.869,14.919,17.047,19.363,3725,0
3760041156,1.669483328,25.842,11.815,13.157,17.725,8.229,12.919,1682.731,0.899,399.522,26.981,14.418,3.871,0,0,0,0,0,5591.99,1.338,0,281.099,12.172,153.028,15.409,141.634,9.872,5.501,27.671,278.816,32.805,5.127,840.889,26.827,16.158,20.754,-22.769,15.943,18.291,8.419,0,0,4.161,2.185,1.695,-2.683,-2.83,0.003,0.003,17.629,15.999,16.969,18.353,18.55,18.497,16.806,16.138,16.401,18.277,18.144,18.35,15.91,14.888,14.927,17.045,19.357,3725,0
3760041158,1.696583327,25.839,11.799,13.156,17.731,8.253,12.919,1668.419,0.888,399.516,27.013,14.42,3.745,0,0,0,0,0,5534.005,1.366,0,281.391,12.176,153.072,15.415,141.799,9.908,5.472,27.676,279.012,32.831,5.149,840.626,26.843,16.156,20.74,-22.768,15.955,18.313,8.405,0,0,4.164,2.15,1.703,-2.744,-2.761,0.003,0.003,17.643,16.009,16.944,18.353,18.538,18.478,16.797,16.128,16.397,18.271,18.142,18.345,15.914,14.891,14.938,17.058,19.364,3725,0
3760041159,1.72555,25.822,11.807,13.157,17.73,8.238,12.919,1699.909,0.871,399.559,26.953,14.419,3.815,0,0,0,0,0,5582.989,1.363,0,280.743,12.17,153.09,15.424,141.901,9.93,5.459,27.676,278.739,32.794,5.112,841.07,26.84,16.147,20.719,-22.767,15.998,18.289,8.358,0,0,4.155,2.145,1.709,-2.688,-2.81,0.003,0.003,17.652,15.996,16.96,18.367,18.548,18.485,16.793,16.128,16.412,18.29,18.135,18.335,15.89,14.876,14.925,17.053,19.373,3725,0
3760041161,1.755033326,25.841,11.83,13.155,17.743,8.254,12.919,1675.032,0.909,399.539,26.98,14.418,3.853,0,0,0,0,0,5578.704,1.354,0,280.629,12.175,153.06,15.421,141.81,9.911,5.475,27.704,278.826,32.806,5.095,841.079,26.844,16.2,20.731,-22.768,16.019,18.278,8.368,0,0,4.152,2.191,1.707,-2.628,-2.774,0.003,0.003,17.652,15.983,16.929,18.365,18.554,18.477,16.796,16.13,16.424,18.289,18.137,18.318,15.883,14.869,14.91,17.044,19.37,3725,0
3760041163,1.784983333,25.853,11.832,13.156,17.741,8.219,12.919,1692.524,0.879,399.516,26.998,14.419,3.803,0,0,0,0,0,5563.008,1.389,0,280.663,12.179,153.085,15.4,141.814,9.911,5.454,27.697,278.69,32.788,5.084,841.079,26.815,16.197,20.74,-22.768,15.985,18.257,8.346,0,0,4.152,2.18,1.696,-2.639,-2.889,0.003,0.003,17.653,15.972,16.907,18.346,18.561,18.471,16.798,16.16,16.415,18.287,18.143,18.303,15.874,14.856,14.91,17.048,19.361,3725,0
3760041165,1.813833332,25.852,11.823,13.155,17.714,8.255,12.919,1719.352,0.9,399.54,27,14.418,3.757,0,0,0,0,0,5624.506,1.348,0,280.624,12.173,153.109,15.405,141.753,9.898,5.471,27.719,278.824,32.806,5.081,841.14,26.826,16.132,20.728,-22.768,15.998,18.272,8.374,0,0,4.151,2.177,1.703,-2.672,-2.727,0.003,0.003,17.69,15.985,16.944,18.348,18.558,18.47,16.807,16.156,16.409,18.278,18.137,18.324,15.893,14.885,14.916,17.046,19.344,3725,0
3760041167,1.843149996,25.814,11.807,13.156,17.707,8.237,12.918,1689.736,0.932,399.523,26.995,14.42,3.693,0,0,0,0,0,5552.264,1.352,0,280.643,12.179,153.078,15.417,141.837,9.916,5.465,27.681,278.812,32.804,5.117,840.172,26.813,16.142,20.735,-22.768,16,18.268,8.352,0,0,4.153,2.212,1.695,-2.673,-2.779,0.003,0.003,17.685,15.984,16.936,18.37,18.55,18.487,16.797,16.145,16.4,18.272,18.138,18.348,15.89,14.873,14.931,17.04,19.357,3725,0
3760041168,1.873299996,25.803,11.817,13.156,17.725,8.256,12.919,1679.839,0.897,399.564,26.99,14.417,3.6,0,0,0,0,0,5558.117,1.369,0,281.005,12.192,153.106,15.388,141.71,9.889,5.464,27.701,279.013,32.831,5.124,842.2,26.804,16.165,20.743,-22.768,16.029,18.269,8.38,0,0,4.157,2.169,1.694,-2.617,-2.737,0.003,0.003,17.678,15.994,16.951,18.373,18.557,18.479,16.814,16.144,16.408,18.255,18.149,18.344,15.888,14.883,14.929,17.031,19.354,3725,0
3760041170,1.903216664,25.832,11.812,13.156,17.705,8.249,12.919,1687.912,0.885,399.492,26.991,14.419,3.685,0,0,0,0,0,5590.205,1.365,0,281.027,12.164,153.17,15.374,141.809,9.91,5.429,27.689,278.737,32.794,5.099,840.937,26.823,16.142,20.705,-22.768,15.989,18.281,8.371,0,0,4.157,2.156,1.708,-2.684,-2.733,0.003,0.003,17.655,15.986,16.938,18.362,18.556,18.473,16.819,16.142,16.413,18.271,18.159,18.365,15.903,14.89,14.935,17.031,19.352,3725,0
3760041172,1.927033329,25.826,11.826,13.157,17.732,8.241,12.92,1688.029,0.894,399.537,26.962,14.419,3.69,0,0,0,0,0,5582.462,1.364,0,281.047,12.17,153.036,15.37,141.705,9.888,5.447,27.72,279.049,32.836,5.11,840.176,26.798,16.159,20.723,-22.768,15.989,18.289,8.401,0,0,4.157,2.181,1.694,-2.62,-2.802,0.003,0.003,17.638,15.975,16.921,18.368,18.551,18.454,16.801,16.142,16.404,18.256,18.137,18.342,15.907,14.874,14.93,17.041,19.354,3725,0
3760041173,1.956699999,25.866,11.847,13.156,17.742,8.228,12.919,1702.383,0.873,399.533,26.987,14.419,3.67,0,0,0,0,0,5582.884,1.362,0,281.018,12.166,153.064,15.364,141.828,9.914,5.415,27.683,278.864,32.811,5.121,841.085,26.842,16.233,20.701,-22.769,15.97,18.27,8.355,0,0,4.157,2.202,1.715,-2.601,-2.861,0.003,0.003,17.627,15.979,16.92,18.354,18.541,18.475,16.81,16.133,16.416,18.276,18.143,18.312,15.9,14.876,14.915,17.033,19.365,3725,0
3760041175,1.986566663,25.838,11.845,13.157,17.702,8.252,12.92,1676.264,0.911,399.533,26.98,14.418,3.635,0,0,0,0,0,5576.915,1.348,0,281.102,12.165,153.043,15.329,141.684,9.883,5.411,27.694,278.864,32.811,5.111,840.885,26.787,16.17,20.727,-22.769,16.004,18.279,8.396,0,0,4.158,2.206,1.692,-2.566,-2.718,0.003,0.003,17.66,15.985,16.959,18.358,18.57,18.501,16.819,16.129,16.419,18.267,18.164,18.344,15.902,14.877,14.923,17.034,19.361,3725,0
3760041177,2.015916665,25.855,11.848,13.156,17.714,8.241,12.919,1681.742,0.881,399.516,27.006,14.418,3.743,0,0,0,0,0,5551.709,1.374,0,281.081,12.161,153.036,15.347,141.757,9.899,5.413,27.705,278.849,32.809,5.098,841.03,26.802,16.127,20.717,-22.768,16.004,18.278,8.379,0,0,4.157,2.18,1.699,-2.581,-2.773,0.003,0.003,17.642,15.981,16.95,18.376,18.577,18.494,16.8,16.129,16.417,18.263,18.14,18.335,15.901,14.874,14.91,17.036,19.367,3725,0
3760041179,2.047099996,25.826,11.86,13.157,17.707,8.257,12.919,1673.011,0.887,399.524,26.978,14.419,3.603,0,0,0,0,0,5597.644,1.365,0,281.382,12.165,153.02,15.332,141.767,9.901,5.396,27.657,279.015,32.831,5.168,841.172,26.837,16.159,20.707,-22.768,15.96,18.266,8.365,0,0,4.163,2.186,1.712,-2.492,-2.709,0.003,0.003,17.61,15.965,16.927,18.362,18.562,18.482,16.8,16.129,16.413,18.26,18.13,18.331,15.891,14.874,14.924,17.036,19.368,3725,0
3760041180,2.074849995,25.811,11.839,13.157,17.731,8.261,12.918,1680.968,0.877,399.539,26.981,14.419,3.724,0,0,0,0,0,5581.06,1.357,0,281.157,12.171,153.037,15.34,141.791,9.906,5.399,27.69,278.788,32.801,5.104,841.101,26.823,16.16,20.722,-22.767,15.926,18.257,8.351,0,0,4.158,2.158,1.703,-2.551,-2.731,0.003,0.003,17.625,15.979,16.939,18.351,18.574,18.511,16.802,16.138,16.405,18.272,18.109,18.334,15.889,14.867,14.927,17.034,19.357,3725,0
3760041182,2.102016664,25.824,11.808,13.156,17.719,8.244,12.919,1686.826,0.886,399.547,26.986,14.42,3.583,0,0,0,0,0,5567.104,1.389,0,281.005,12.181,153.067,15.366,141.882,9.926,5.404,27.693,278.892,32.815,5.116,841.053,26.834,16.167,20.714,-22.768,15.941,18.253,8.327,0,0,4.156,2.158,1.709,-2.688,-2.772,0.003,0.003,17.631,15.991,16.948,18.346,18.56,18.494,16.789,16.138,16.389,18.262,18.123,18.337,15.888,14.869,14.919,17.032,19.371,3725,0
3760041184,2.131149999,25.826,11.814,13.157,17.72,8.243,12.919,1689.231,0.893,399.565,26.994,14.419,3.655,0,0,0,0,0,5624.006,1.364,0,281.212,12.185,153.117,15.349,141.915,9.934,5.38,27.686,278.971,32.826,5.134,841.189,26.846,16.148,20.72,-22.767,15.941,18.283,8.35,0,0,4.159,2.171,1.711,-2.665,-2.776,0.003,0.003,17.612,15.993,16.926,18.333,18.541,18.489,16.803,16.144,16.385,18.244,18.119,18.336,15.893,14.863,14.916,17.034,19.389,3725,0
3760041185,2.15838333,25.81,11.838,13.157,17.722,8.262,12.919,1675.458,0.896,399.548,27.003,14.418,3.611,0,0,0,0,0,5580.942,1.35,0,280.976,12.167,153.133,15.334,141.71,9.889,5.41,27.704,278.839,32.808,5.098,841.139,26.838,16.136,20.71,-22.77,15.974,18.287,8.398,0,0,4.155,2.178,1.711,-2.55,-2.713,0.003,0.003,17.612,15.981,16.91,18.304,18.54,18.48,16.791,16.128,16.395,18.241,18.12,18.321,15.877,14.858,14.913,17.033,19.368,3725,0
3760041187,2.185983332,25.87,11.856,13.156,17.724,8.247,12.919,1702.045,0.88,399.508,26.99,14.419,3.604,0,0,0,0,0,5555.337,1.354,0,281.438,12.177,153.049,15.338,141.839,9.917,5.387,27.7,278.862,32.811,5.105,841.062,26.832,16.181,20.707,-22.768,15.976,18.289,8.372,0,0,4.162,2.18,1.71,-2.576,-2.77,0.003,0.003,17.616,15.973,16.945,18.301,18.521,18.452,16.792,16.133,16.396,18.233,18.132,18.317,15.881,14.855,14.922,17.033,19.358,3725,0
3760041189,2.212666663,25.83,11.806,13.156,17.722,8.227,12.919,1677.204,0.911,399.531,26.987,14.417,3.645,0,0,0,0,0,5562.958,1.358,0,281.014,12.189,153.099,15.358,141.851,9.919,5.404,27.668,279.099,32.843,5.169,841,26.831,16.124,20.712,-22.768,15.953,18.287,8.368,0,0,4.157,2.194,1.708,-2.697,-2.832,0.003,0.003,17.615,15.98,16.954,18.317,18.528,18.466,16.804,16.14,16.402,18.25,18.14,18.32,15.896,14.869,14.933,17.036,19.371,3725,0
3760041190,2.242266663,25.828,11.834,13.157,17.707,8.236,12.919,1708.286,0.882,399.483,26.962,14.42,3.694,0,0,0,0,0,5570.062,1.353,0,281.072,12.195,153.156,15.308,141.901,9.93,5.343,27.691,279.007,32.83,5.132,840.509,26.871,16.119,20.73,-22.768,15.976,18.29,8.36,0,0,4.156,2.175,1.713,-2.595,-2.778,0.003,0.003,17.614,15.974,16.955,18.302,18.527,18.459,16.787,16.131,16.403,18.219,18.121,18.318,15.89,14.87,14.925,17.037,19.376,3725,0
3760041192,2.271499999,25.833,11.849,13.156,17.699,8.244,12.918,1677.412,0.919,399.564,26.993,14.418,3.653,0,0,0,0,0,5560.112,1.363,0,281.026,12.189,153.185,15.297,141.775,9.903,5.359,27.703,279.203,32.857,5.148,840.939,26.841,16.171,20.7,-22.768,15.942,18.297,8.394,0,0,4.155,2.22,1.714,-2.545,-2.74,0.003,0.003,17.623,15.969,16.936,18.362,18.527,18.456,16.791,16.132,16.398,18.222,18.131,18.325,15.883,14.86,14.897,17.04,19.367,3725,0
3760041194,2.309166662,25.852,11.826,13.155,17.732,8.248,12.919,1669.837,0.882,399.515,26.992,14.419,3.693,0,0,0,0,0,5578.194,1.352,0,281.038,12.179,153.152,15.318,141.943,9.939,5.344,27.682,278.9,32.816,5.127,841.08,26.839,16.13,20.694,-22.768,15.934,18.292,8.352,0,0,4.156,2.163,1.715,-2.661,-2.777,0.003,0.003,17.624,15.964,16.933,18.37,18.526,18.47,16.777,16.135,16.403,18.242,18.129,18.331,15.884,14.851,14.9,17.041,19.365,3725,0
3760041197,2.345649997,25.863,11.857,13.157,17.739,8.229,12.919,1684.461,0.873,399.538,27.002,14.419,3.749,0,0,0,0,0,5559.232,1.37,0,280.967,12.188,153.108,15.28,141.95,9.941,5.304,27.702,279.036,32.834,5.126,841.259,26.876,16.125,20.732,-22.768,16.03,18.291,8.35,0,0,4.153,2.184,1.716,-2.561,-2.854,0.003,0.003,17.623,15.984,16.913,18.366,18.519,18.475,16.787,16.126,16.404,18.234,18.117,18.318,15.896,14.86,14.912,17.04,19.354,3725,0
3760041198,2.369400001,25.862,11.831,13.156,17.737,8.231,12.92,1657.444,0.89,399.547,27.015,14.419,3.742,0,0,0,0,0,5591.649,1.347,0,280.593,12.167,153.15,15.244,141.79,9.906,5.303,27.691,279.09,32.842,5.144,840.372,26.882,16.161,20.73,-22.768,15.947,18.299,8.393,0,0,4.148,2.186,1.716,-2.656,-2.843,0.003,0.003,17.617,15.968,16.921,18.35,18.555,18.471,16.792,16.126,16.404,18.251,18.109,18.315,15.882,14.86,14.894,17.032,19.371,3725,0
3760041200,2.400749993,25.832,11.844,13.157,17.716,8.263,12.919,1708.478,0.859,399.549,27,14.42,3.781,0,0,0,0,0,5550.201,1.374,0,280.983,12.178,153.047,15.245,141.762,9.9,5.309,27.708,278.971,32.826,5.111,841.058,26.873,16.158,20.727,-22.767,15.947,18.309,8.409,0,0,4.153,2.14,1.716,-2.566,-2.702,0.003,0.003,17.625,15.964,16.913,18.353,18.537,18.47,16.787,16.131,16.392,18.228,18.105,18.319,15.887,14.863,14.908,17.046,19.38,3725,0
3760041202,2.431133334,25.875,11.841,13.156,17.703,8.248,12.919,1696.68,0.919,399.57,26.974,14.421,3.763,0,0,0,0,0,5597.519,1.355,0,280.99,12.177,153.1,15.249,141.891,9.928,5.285,27.703,279.007,32.831,5.121,842.064,26.858,16.162,20.704,-22.768,15.971,18.299,8.371,0,0,4.153,2.213,1.72,-2.643,-2.735,0.003,0.003,17.606,15.966,16.913,18.352,18.546,18.46,16.8,16.153,16.397,18.237,18.134,18.303,15.88,14.86,14.898,17.043,19.367,3725,0
3760041204,2.460983332,25.847,11.862,13.156,17.727,8.253,12.918,1677.846,0.905,399.589,26.982,14.418,3.65,0,0,0,0,0,5563.224,1.368,0,281.419,12.177,153.096,15.24,141.902,9.931,5.274,27.692,279.156,32.851,5.152,841.162,26.886,16.143,20.702,-22.768,15.998,18.292,8.362,0,0,4.159,2.208,1.727,-2.518,-2.752,0.003,0.003,17.598,15.964,16.924,18.322,18.531,18.476,16.796,16.151,16.404,18.246,18.138,18.291,15.89,14.865,14.907,17.046,19.364,3725,0
3760041205,2.488366659,25.862,11.854,13.157,17.705,8.261,12.919,1662.321,0.882,399.507,26.979,14.418,3.698,0,0,0,0,0,5588.363,1.384,0,280.991,12.182,153.095,15.256,141.909,9.932,5.289,27.726,278.835,32.807,5.075,841.103,26.87,16.109,20.707,-22.768,16.029,18.285,8.353,0,0,4.152,2.174,1.721,-2.571,-2.691,0.003,0.003,17.608,15.969,16.917,18.314,18.515,18.457,16.803,16.147,16.394,18.251,18.14,18.311,15.884,14.867,14.919,17.043,19.378,3725,0
3760041207,2.517666666,25.853,11.818,13.157,17.715,8.237,12.917,1724.581,0.864,399.523,26.958,14.419,3.659,0,0,0,0,0,5616.107,1.353,0,281.026,12.187,153.122,15.267,141.905,9.931,5.301,27.717,278.994,32.829,5.105,841.067,26.866,16.179,20.695,-22.769,16.006,18.305,8.374,0,0,4.153,2.145,1.723,-2.692,-2.788,0.003,0.003,17.613,15.985,16.925,18.298,18.528,18.462,16.794,16.136,16.403,18.26,18.138,18.324,15.892,14.866,14.919,17.061,19.377,3725,0
3760041209,2.545433331,25.85,11.825,13.155,17.738,8.233,12.919,1698.126,0.938,399.549,26.978,14.418,3.762,0,0,0,0,0,5560.269,1.363,0,281.041,12.191,153.148,15.215,141.854,9.92,5.26,27.726,278.856,32.81,5.078,841.097,26.903,16.15,20.71,-22.768,16.01,18.304,8.384,0,0,4.152,2.232,1.729,-2.661,-2.838,0.003,0.003,17.624,15.988,16.928,18.316,18.524,18.458,16.789,16.132,16.394,18.25,18.141,18.327,15.894,14.874,14.913,17.058,19.386,3725,0
3760041211,2.581366666,25.836,11.814,13.157,17.719,8.255,12.919,1696.853,0.906,399.51,26.988,14.419,3.684,0,0,0,0,0,5578.298,1.375,0,281.069,12.186,153.164,15.239,141.918,9.934,5.27,27.725,279.086,32.841,5.109,840.567,26.893,16.145,20.741,-22.769,16.005,18.315,8.382,0,0,4.153,2.178,1.717,-2.683,-2.735,0.003,0.003,17.61,15.988,16.937,18.316,18.558,18.476,16.791,16.142,16.397,18.273,18.149,18.303,15.889,14.847,14.922,17.06,19.371,3725,0
3760041213,2.61511666,25.82,11.831,13.156,17.732,8.24,12.919,1696.222,0.905,399.533,26.972,14.419,3.623,0,0,0,0,0,5600.114,1.373,0,281.032,12.179,153.141,15.27,141.919,9.934,5.301,27.718,279.057,32.837,5.113,840.9,26.893,16.13,20.714,-22.768,16.049,18.313,8.379,0,0,4.153,2.197,1.725,-2.593,-2.807,0.003,0.003,17.617,16.003,16.96,18.298,18.556,18.464,16.787,16.125,16.391,18.252,18.143,18.324,15.896,14.879,14.92,17.057,19.382,3725,0
3760041215,2.650133332,25.848,11.798,13.157,17.731,8.23,12.919,1699.207,0.904,399.538,26.994,14.419,3.631,0,0,0,0,0,5596.439,1.362,0,281.005,12.181,153.108,15.249,141.773,9.903,5.311,27.699,278.832,32.807,5.102,840.308,26.9,16.141,20.706,-22.768,16.034,18.318,8.415,0,0,4.154,2.179,1.728,-2.761,-2.838,0.003,0.003,17.614,15.978,16.965,18.323,18.562,18.464,16.792,16.128,16.391,18.273,18.142,18.315,15.89,14.853,14.908,17.066,19.378,3725,0
3760041217,2.679466661,25.857,11.816,13.157,17.727,8.236,12.919,1666.915,0.908,399.551,26.988,14.418,3.64,0,0,0,0,0,5575.974,1.375,0,281.407,12.189,153.117,15.241,141.838,9.917,5.289,27.725,279.03,32.834,5.103,841.001,26.884,16.161,20.71,-22.768,16.055,18.307,8.39,0,0,4.158,2.191,1.724,-2.706,-2.811,0.003,0.003,17.593,15.964,16.949,18.303,18.578,18.465,16.778,16.126,16.369,18.258,18.151,18.319,15.873,14.852,14.909,17.063,19.378,3725,0
3760041218,2.703083332,25.861,11.808,13.157,17.731,8.221,12.919,1666.929,0.87,399.516,26.996,14.419,3.754,0,0,0,0,0,5599.617,1.353,0,281.093,12.183,153.153,15.229,141.8,9.908,5.285,27.724,278.846,32.809,5.079,840.866,26.895,16.198,20.733,-22.768,16.07,18.326,8.418,0,0,4.153,2.153,1.72,-2.744,-2.868,0.003,0.003,17.613,15.983,16.96,18.328,18.574,18.471,16.797,16.142,16.389,18.263,18.16,18.331,15.899,14.873,14.912,17.065,19.368,3725,0
3760041220,2.737949999,25.842,11.866,13.156,17.726,8.234,12.919,1707.637,0.89,399.549,26.971,14.419,3.685,0,0,0,0,0,5599.669,1.346,0,281.143,12.176,153.126,15.233,141.858,9.921,5.276,27.734,279.207,32.857,5.117,841.062,26.873,16.14,20.729,-22.77,16.042,18.301,8.38,0,0,4.154,2.184,1.715,-2.495,-2.817,0.003,0.003,17.618,15.98,16.961,18.32,18.582,18.474,16.793,16.144,16.388,18.266,18.15,18.323,15.885,14.852,14.909,17.058,19.372,3725,0
3760041222,2.767733328,25.818,11.832,13.156,17.745,8.253,12.919,1710.85,0.918,399.531,26.988,14.418,3.752,0,0,0,0,0,5547.429,1.344,0,281.099,12.171,153.09,15.264,141.721,9.891,5.338,27.692,279.283,32.867,5.17,840.151,26.856,16.137,20.734,-22.769,16.081,18.295,8.404,0,0,4.156,2.204,1.707,-2.583,-2.781,0.003,0.003,17.612,15.979,16.96,18.338,18.552,18.49,16.794,16.144,16.382,18.261,18.143,18.342,15.897,14.866,14.921,17.055,19.384,3725,0
3760041224,2.79818333,25.823,11.831,13.156,17.727,8.254,12.919,1692.113,0.921,399.507,27.001,14.418,3.803,0,0,0,0,0,5545.601,1.373,0,281.458,12.177,153.066,15.268,141.755,9.899,5.334,27.729,279.223,32.859,5.124,840.401,26.85,16.129,20.72,-22.769,16.015,18.308,8.41,0,0,4.16,2.206,1.71,-2.596,-2.748,0.003,0.003,17.638,15.997,16.96,18.33,18.548,18.462,16.774,16.137,16.368,18.258,18.136,18.352,15.893,14.879,14.911,17.058,19.39,3725,0
3760041226,2.827833327,25.825,11.829,13.157,17.737,8.23,12.918,1649.631,0.899,399.526,26.994,14.419,3.756,0,0,0,0,0,5596.1,1.355,0,281.235,12.178,153.1,15.274,141.768,9.901,5.338,27.687,279.035,32.834,5.141,840.009,26.869,16.126,20.725,-22.767,16.1,18.317,8.416,0,0,4.158,2.195,1.713,-2.606,-2.846,0.003,0.003,17.658,15.984,16.968,18.342,18.576,18.516,16.816,16.163,16.374,18.28,18.157,18.379,15.898,14.874,14.928,17.055,19.375,3725,0
3760041227,2.857399996,25.81,11.81,13.156,17.737,8.236,12.919,1677.105,0.85,399.542,27.002,14.418,3.803,0,0,0,0,0,5564.587,1.383,0,281.436,12.185,153.103,15.274,141.645,9.875,5.364,27.71,279.082,32.841,5.124,841.094,26.854,16.133,20.742,-22.769,16.027,18.298,8.423,0,0,4.161,2.124,1.707,-2.655,-2.826,0.003,0.003,17.665,15.996,16.987,18.325,18.575,18.495,16.814,16.158,16.383,18.274,18.155,18.359,15.9,14.879,14.913,17.047,19.367,3725,0
3760041229,2.887549996,25.817,11.797,13.157,17.736,8.211,12.919,1675.907,0.881,399.515,27.005,14.419,3.758,0,0,0,0,0,5615.166,1.378,0,281.286,12.192,153.137,15.301,141.881,9.926,5.34,27.701,279.063,32.838,5.13,840.943,26.864,16.152,20.748,-22.768,16.048,18.296,8.371,0,0,4.159,2.166,1.707,-2.716,-2.909,0.003,0.003,17.647,16.002,16.989,18.374,18.56,18.505,16.796,16.148,16.38,18.287,18.166,18.365,15.883,14.873,14.932,17.056,19.373,3725,0
3760041231,2.914683326,25.825,11.813,13.156,17.738,8.218,12.919,1666.695,0.88,399.539,26.983,14.419,3.796,0,0,0,0,0,5605.195,1.357,0,281.443,12.182,153.172,15.289,141.851,9.92,5.335,27.719,278.925,32.819,5.094,841.18,26.843,16.162,20.726,-22.768,16.049,18.277,8.357,0,0,4.16,2.171,1.708,-2.667,-2.889,0.003,0.003,17.649,15.995,16.986,18.372,18.559,18.501,16.805,16.152,16.38,18.257,18.164,18.357,15.888,14.877,14.916,17.052,19.366,3725,0
3760041233,2.944116664,25.82,11.833,13.157,17.717,8.264,12.919,1679.042,0.869,399.54,26.992,14.419,3.815,0,0,0,0,0,5567.892,1.366,0,281.118,12.174,153.122,15.26,141.77,9.902,5.323,27.708,279.247,32.863,5.149,841.029,26.843,16.183,20.726,-22.768,16.034,18.294,8.392,0,0,4.155,2.145,1.708,-2.585,-2.702,0.003,0.003,17.666,15.999,16.973,18.397,18.57,18.51,16.814,16.157,16.398,18.276,18.169,18.363,15.897,14.879,14.929,17.046,19.39,3725,0
3760041234,2.975249998,25.821,11.849,13.156,17.704,8.25,12.919,1686.946,0.884,399.548,26.979,14.42,3.905,0,0,0,0,0,5584.241,1.347,0,280.973,12.176,153.08,15.301,141.847,9.919,5.348,27.707,279.002,32.83,5.116,841.223,26.827,16.156,20.716,-22.768,16.029,18.306,8.388,0,0,4.154,2.179,1.706,-2.528,-2.729,0.003,0.003,17.678,16,16.959,18.405,18.579,18.498,16.815,16.144,16.384,18.258,18.158,18.356,15.895,14.885,14.931,17.059,19.385,3725,0
3760041236,3.004699993,25.799,11.824,13.156,17.704,8.246,12.918,1671.491,0.893,399.567,26.978,14.42,3.837,0,0,0,0,0,5549.329,1.376,0,281.187,12.178,153.091,15.303,141.939,9.939,5.33,27.726,279.115,32.845,5.113,841.021,26.836,16.216,20.712,-22.768,16.037,18.305,8.367,0,0,4.156,2.176,1.71,-2.586,-2.741,0.003,0.003,17.698,16.006,16.959,18.389,18.581,18.494,16.812,16.172,16.388,18.261,18.178,18.352,15.886,14.877,14.928,17.051,19.361,3725,0
3760041238,3.032383331,25.802,11.805,13.156,17.742,8.223,12.919,1670.732,0.875,399.557,26.984,14.419,3.882,0,0,0,0,0,5601.463,1.36,0,281.247,12.19,153.098,15.291,141.908,9.932,5.324,27.712,279.108,32.844,5.126,841.125,26.834,16.186,20.726,-22.769,16.04,18.277,8.346,0,0,4.157,2.157,1.705,-2.663,-2.88,0.003,0.003,17.676,15.983,16.949,18.363,18.571,18.485,16.803,16.172,16.415,18.289,18.152,18.358,15.879,14.867,14.906,17.035,19.371,3725,0
3760041239,3.05601666,25.855,11.829,13.157,17.71,8.256,12.919,1670.587,0.874,399.541,26.971,14.421,3.814,0,0,0,0,0,5573.303,1.379,0,281.482,12.181,153.16,15.267,141.869,9.923,5.309,27.691,278.979,32.827,5.13,842.378,26.848,16.128,20.73,-22.768,15.98,18.276,8.352,0,0,4.161,2.152,1.711,-2.654,-2.718,0.003,0.003,17.69,15.983,16.967,18.346,18.568,18.472,16.801,16.15,16.409,18.279,18.146,18.35,15.89,14.87,14.907,17.04,19.372,3725,0
3760041241,3.086766664,25.815,11.824,13.155,17.703,8.26,12.919,1684.806,0.915,399.591,27,14.42,3.839,0,0,0,0,0,5572.778,1.344,0,280.966,12.18,153.116,15.256,141.788,9.906,5.314,27.713,279.253,32.864,5.145,842.112,26.852,16.151,20.736,-22.768,16.025,18.271,8.365,0,0,4.153,2.147,1.709,-2.613,-2.694,0.003,0.003,17.659,15.989,16.96,18.362,18.572,18.465,16.815,16.159,16.429,18.286,18.159,18.343,15.886,14.865,14.925,17.033,19.365,3725,0
3760041243,3.121283333,25.807,11.819,13.156,17.711,8.253,12.919,1672.944,0.891,399.566,26.983,14.418,3.872,0,0,0,0,0,5544.136,1.371,0,281.432,12.17,153.111,15.267,141.831,9.915,5.316,27.697,278.922,32.819,5.115,841.103,26.809,16.165,20.724,-22.768,16.025,18.264,8.349,0,0,4.16,2.166,1.699,-2.615,-2.727,0.003,0.003,17.653,15.993,16.959,18.339,18.57,18.481,16.801,16.149,16.425,18.264,18.168,18.335,15.889,14.875,14.927,17.03,19.363,3725,0
3760041245,3.148399997,25.812,11.833,13.155,17.727,8.238,12.919,1673.97,0.877,399.524,26.967,14.419,3.978,0,0,0,0,0,5592.281,1.372,0,281.457,12.187,153.062,15.268,141.898,9.929,5.303,27.723,279.054,32.837,5.107,841.085,26.84,16.167,20.724,-22.768,16.03,18.274,8.344,0,0,4.159,2.168,1.708,-2.573,-2.806,0.003,0.003,17.654,15.968,16.967,18.327,18.552,18.463,16.807,16.143,16.423,18.266,18.149,18.333,15.871,14.866,14.909,17.025,19.352,3725,0
3760041247,3.178249995,25.832,11.833,13.157,17.744,8.237,12.92,1685.635,0.878,399.542,26.984,14.419,3.993,0,0,0,0,0,5595.342,1.367,0,280.915,12.187,153.144,15.27,141.863,9.922,5.313,27.721,279.004,32.83,5.103,841.131,26.841,16.162,20.739,-22.769,15.973,18.259,8.337,0,0,4.152,2.169,1.704,-2.604,-2.833,0.003,0.003,17.684,15.986,16.966,18.336,18.544,18.481,16.821,16.161,16.408,18.272,18.147,18.337,15.903,14.879,14.92,17.027,19.346,3725,0
3760041248,3.208116666,25.864,11.858,13.156,17.697,8.243,12.919,1669.797,0.892,399.541,26.983,14.418,3.99,0,0,0,0,0,5585.607,1.367,0,281.078,12.197,153.146,15.262,141.819,9.913,5.314,27.715,278.908,32.817,5.096,840.439,26.799,16.199,20.722,-22.768,15.964,18.265,8.352,0,0,4.154,2.197,1.695,-2.558,-2.739,0.003,0.003,17.656,15.979,16.952,18.35,18.565,18.489,16.814,16.156,16.417,18.256,18.128,18.329,15.899,14.876,14.908,17.033,19.365,3725,0
3760041250,3.238033326,25.837,11.846,13.156,17.717,8.245,12.918,1692.055,0.873,399.525,26.971,14.419,3.955,0,0,0,0,0,5585.879,1.371,0,280.992,12.181,153.192,15.248,141.824,9.913,5.3,27.719,279.214,32.858,5.132,841.055,26.795,16.186,20.711,-22.768,16,18.279,8.365,0,0,4.152,2.168,1.698,-2.561,-2.764,0.003,0.003,17.633,15.99,16.938,18.354,18.563,18.467,16.806,16.146,16.412,18.261,18.145,18.321,15.894,14.858,14.906,17.027,19.373,3725,0
3760041252,3.269199999,25.809,11.842,13.157,17.731,8.251,12.919,1716.86,0.899,399.534,26.999,14.42,4.033,0,0,0,0,0,5593.504,1.379,0,281.069,12.166,153.115,15.216,141.867,9.923,5.258,27.72,278.885,32.814,5.087,841.464,26.814,16.086,20.714,-22.768,16,18.27,8.347,0,0,4.153,2.191,1.704,-2.534,-2.767,0.003,0.003,17.625,15.99,16.965,18.367,18.578,18.489,16.82,16.161,16.435,18.269,18.157,18.338,15.906,14.865,14.92,17.032,19.375,3725,0
3760041254,3.303849999,25.835,11.81,13.157,17.733,8.224,12.92,1664.052,0.929,399.557,27.004,14.42,4.044,0,0,0,0,0,5606.895,1.34,0,280.998,12.185,153.044,15.224,141.892,9.929,5.26,27.728,279.18,32.854,5.119,841.176,26.822,16.168,20.709,-22.768,15.956,18.277,8.349,0,0,4.151,2.218,1.707,-2.694,-2.862,0.003,0.003,17.596,15.979,16.969,18.362,18.558,18.475,16.822,16.155,16.415,18.267,18.157,18.336,15.891,14.868,14.915,17.033,19.377,3725,0
3760041256,3.334899998,25.865,11.842,13.157,17.739,8.223,12.919,1686.8,0.866,399.556,26.982,14.418,4.045,0,0,0,0,0,5536.998,1.367,0,281.008,12.178,153.136,15.25,141.872,9.924,5.291,27.745,279.036,32.834,5.083,841.048,26.837,16.167,20.697,-22.768,15.98,18.274,8.35,0,0,4.152,2.17,1.714,-2.618,-2.872,0.003,0.003,17.564,15.978,16.962,18.342,18.559,18.468,16.783,16.138,16.388,18.233,18.129,18.334,15.876,14.863,14.908,17.03,19.368,3725,0
3760041258,3.367499995,25.838,11.848,13.156,17.734,8.251,12.919,1685.673,0.893,399.524,26.981,14.418,3.9,0,0,0,0,0,5586.562,1.356,0,281.273,12.175,153.099,15.22,141.858,9.921,5.264,27.735,278.697,32.789,5.047,840.826,26.834,16.118,20.732,-22.768,15.986,18.273,8.353,0,0,4.155,2.188,1.703,-2.555,-2.769,0.003,0.003,17.555,15.982,16.953,18.356,18.559,18.481,16.809,16.138,16.394,18.243,18.127,18.335,15.881,14.865,14.916,17.039,19.355,3725,0
3760041260,3.405166666,25.803,11.806,13.155,17.728,8.25,12.919,1681.507,0.892,399.524,27.024,14.42,3.968,0,0,0,0,0,5566.138,1.376,0,280.938,12.178,153.089,15.216,141.858,9.921,5.26,27.727,278.704,32.79,5.057,841.124,26.862,16.169,20.708,-22.768,15.943,18.276,8.355,0,0,4.15,2.16,1.718,-2.663,-2.767,0.003,0.003,17.551,15.98,16.936,18.334,18.558,18.44,16.805,16.147,16.393,18.244,18.123,18.333,15.879,14.873,14.899,17.04,19.364,3725,0
3760041262,3.434783332,25.819,11.831,13.156,17.739,8.25,12.919,1680.055,0.887,399.565,26.999,14.419,3.925,0,0,0,0,0,5600.52,1.364,0,281.448,12.185,153.103,15.236,141.852,9.92,5.281,27.731,278.946,32.822,5.085,842.252,26.875,16.152,20.705,-22.768,15.942,18.305,8.385,0,0,4.158,2.171,1.725,-2.592,-2.783,0.003,0.003,17.563,15.986,16.939,18.337,18.538,18.444,16.79,16.137,16.376,18.244,18.116,18.328,15.876,14.869,14.914,17.046,19.363,3725,0
3760041264,3.461766664,25.805,11.838,13.156,17.719,8.258,12.919,1703.555,0.885,399.534,27.005,14.418,3.943,0,0,0,0,0,5580.63,1.368,0,281.002,12.176,153.137,15.22,141.823,9.913,5.272,27.72,278.965,32.825,5.099,841.013,26.854,16.127,20.683,-22.768,15.931,18.295,8.382,0,0,4.152,2.169,1.723,-2.54,-2.721,0.003,0.003,17.555,15.986,16.922,18.33,18.531,18.432,16.804,16.139,16.384,18.244,18.125,18.303,15.861,14.861,14.905,17.052,19.371,3725,0
3760041265,3.491766659,25.829,11.846,13.157,17.733,8.249,12.919,1686.653,0.913,399.51,26.998,14.419,4.001,0,0,0,0,0,5588.205,1.359,0,280.898,12.171,153.094,15.233,141.814,9.911,5.287,27.726,278.767,32.798,5.066,841.167,26.857,16.13,20.685,-22.769,15.954,18.276,8.364,0,0,4.15,2.21,1.723,-2.549,-2.777,0.003,0.003,17.558,15.982,16.938,18.334,18.535,18.448,16.783,16.123,16.361,18.249,18.11,18.329,15.871,14.867,14.913,17.052,19.368,3725,0
3760041267,3.522116661,25.839,11.832,13.156,17.713,8.258,12.919,1706.035,0.893,399.548,27.01,14.419,3.91,0,0,0,0,0,5571.866,1.362,0,281.222,12.189,153.07,15.23,141.777,9.904,5.291,27.735,278.897,32.816,5.075,841.167,26.832,16.157,20.723,-22.768,15.936,18.276,8.372,0,0,4.155,2.173,1.706,-2.617,-2.715,0.003,0.003,17.556,15.998,16.941,18.344,18.518,18.464,16.788,16.131,16.369,18.243,18.116,18.343,15.882,14.876,14.932,17.04,19.38,3725,0
3760041269,3.553683329,25.845,11.813,13.157,17.738,8.235,12.918,1691.651,0.916,399.541,26.991,14.419,3.952,0,0,0,0,0,5576.638,1.338,0,281.027,12.179,153.156,15.254,141.917,9.934,5.285,27.742,278.847,32.809,5.06,841.107,26.846,16.129,20.709,-22.769,15.968,18.292,8.359,0,0,4.152,2.2,1.713,-2.698,-2.833,0.003,0.003,17.545,15.981,16.939,18.329,18.508,18.446,16.798,16.123,16.365,18.254,18.13,18.334,15.868,14.865,14.914,17.044,19.363,3725,0
3760041271,3.589116661,25.816,11.815,13.157,17.712,8.226,12.919,1702.652,0.899,399.551,27.037,14.419,3.983,0,0,0,0,0,5533.455,1.369,0,280.76,12.173,153.104,15.245,141.801,9.909,5.301,27.727,279.089,32.842,5.108,841.189,26.886,16.194,20.703,-22.768,15.994,18.285,8.376,0,0,4.149,2.187,1.727,-2.649,-2.82,0.003,0.003,17.563,15.993,16.949,18.309,18.511,18.465,16.79,16.149,16.371,18.263,18.121,18.329,15.872,14.87,14.922,17.039,19.368,3725,0
3760041273,3.61861666,25.827,11.81,13.156,17.743,8.211,12.918,1667.491,0.912,399.539,26.979,14.418,3.927,0,0,0,0,0,5589.764,1.365,0,281.151,12.172,153.075,15.275,141.808,9.91,5.33,27.721,278.862,32.811,5.084,840.974,26.864,16.153,20.689,-22.767,16.003,18.295,8.385,0,0,4.155,2.207,1.724,-2.681,-2.922,0.003,0.003,17.559,15.982,16.954,18.313,18.521,18.462,16.797,16.152,16.365,18.256,18.128,18.352,15.883,14.867,14.904,17.046,19.368,3725,0
3760041275,3.642749993,25.808,11.815,13.157,17.71,8.229,12.92,1667.347,0.87,399.527,26.997,14.418,3.962,0,0,0,0,0,5582.953,1.356,0,280.792,12.173,153.073,15.273,141.895,9.929,5.309,27.715,278.856,32.81,5.089,840.841,26.865,16.153,20.711,-22.767,15.974,18.276,8.347,0,0,4.15,2.154,1.718,-2.631,-2.807,0.003,0.003,17.541,15.988,16.947,18.291,18.525,18.46,16.794,16.149,16.38,18.255,18.125,18.343,15.885,14.867,14.906,17.041,19.368,3725,0
3760041276,3.672366667,25.86,11.845,13.157,17.741,8.229,12.919,1657.515,0.893,399.516,27.002,14.42,3.895,0,0,0,0,0,5582.429,1.356,0,280.987,12.177,153.076,15.261,141.935,9.938,5.288,27.726,278.791,32.801,5.069,841.008,26.871,16.129,20.717,-22.768,15.996,18.283,8.346,0,0,4.152,2.173,1.718,-2.602,-2.858,0.003,0.003,17.548,15.993,16.958,18.314,18.537,18.491,16.802,16.144,16.386,18.247,18.125,18.362,15.892,14.866,14.918,17.047,19.358,3725,0
3760041278,3.7,25.835,11.837,13.156,17.728,8.237,12.919,1696.462,0.859,399.563,26.989,14.418,3.868,0,0,0,0,0,5565.161,1.359,0,280.991,12.173,153.098,15.3,141.872,9.924,5.341,27.729,278.894,32.815,5.08,841.107,26.823,16.128,20.726,-22.769,15.982,18.283,8.358,0,0,4.153,2.151,1.702,-2.59,-2.808,0.003,0.003,17.564,15.996,16.971,18.342,18.534,18.46,16.786,16.146,16.385,18.245,18.127,18.355,15.893,14.872,14.923,17.036,19.371,3725,0
3760041280,3.72768333,25.822,11.793,13.157,17.733,8.229,12.92,1672.213,0.904,399.523,26.994,14.42,3.852,0,0,0,0,0,5571.634,1.372,0,280.952,12.183,153.078,15.284,141.886,9.927,5.322,27.734,278.95,32.823,5.083,841.093,26.861,16.147,20.69,-22.768,15.982,18.292,8.365,0,0,4.152,2.178,1.723,-2.74,-2.846,0.003,0.003,17.594,15.988,16.961,18.353,18.545,18.495,16.775,16.139,16.378,18.226,18.156,18.367,15.902,14.878,14.925,17.042,19.359,3725,0
3760041282,3.763333329,25.812,11.837,13.156,17.708,8.275,12.919,1679.412,0.876,399.581,26.979,14.418,3.902,0,0,0,0,0,5595.016,1.365,0,280.92,12.18,153.124,15.293,141.805,9.91,5.348,27.724,279.074,32.84,5.109,841.097,26.872,16.168,20.723,-22.768,16.013,18.298,8.389,0,0,4.152,2.148,1.717,-2.555,-2.648,0.003,0.003,17.602,15.995,16.98,18.406,18.55,18.493,16.795,16.138,16.391,18.246,18.147,18.35,15.886,14.881,14.925,17.05,19.369,3725,0
3760041284,3.798966662,25.829,11.838,13.157,17.713,8.227,12.919,1693.13,0.884,399.5,27.01,14.42,3.797,0,0,0,0,0,5581.931,1.355,0,281.037,12.175,153.11,15.305,141.725,9.892,5.378,27.712,278.831,32.807,5.088,840.995,26.827,16.174,20.718,-22.768,16.037,18.294,8.402,0,0,4.155,2.186,1.706,-2.583,-2.822,0.003,0.003,17.604,15.982,16.979,18.404,18.563,18.467,16.788,16.146,16.383,18.247,18.127,18.362,15.902,14.885,14.937,17.047,19.35,3725,0
3760041286,3.829699993,25.84,11.818,13.156,17.723,8.238,12.92,1646.031,0.901,399.572,26.991,14.419,3.772,0,0,0,0,0,5563.406,1.366,0,280.605,12.178,153.086,15.321,141.92,9.935,5.351,27.701,278.849,32.809,5.102,841.187,26.856,16.179,20.71,-22.769,16.026,18.292,8.358,0,0,4.149,2.184,1.716,-2.672,-2.798,0.003,0.003,17.592,15.983,16.943,18.387,18.537,18.482,16.778,16.13,16.386,18.239,18.127,18.34,15.884,14.874,14.922,17.042,19.368,3725,0
3760041287,3.859333332,25.849,11.823,13.157,17.746,8.231,12.918,1703.294,0.846,399.546,27.012,14.419,3.756,0,0,0,0,0,5583.567,1.359,0,281.067,12.187,153.101,15.323,141.909,9.932,5.356,27.712,278.792,32.802,5.083,841.247,26.848,16.163,20.73,-22.768,16.028,18.303,8.371,0,0,4.155,2.13,1.708,-2.669,-2.856,0.003,0.003,17.593,15.982,16.941,18.368,18.562,18.488,16.786,16.133,16.399,18.248,18.143,18.346,15.886,14.869,14.91,17.049,19.369,3725,0
3760041289,3.888399998,25.846,11.849,13.156,17.717,8.219,12.919,1704.141,0.912,399.54,27.004,14.42,3.818,0,0,0,0,0,5570.918,1.351,0,280.961,12.183,153.143,15.331,141.722,9.892,5.404,27.701,278.792,32.801,5.095,840.403,26.864,16.157,20.747,-22.768,16.008,18.276,8.384,0,0,4.155,2.229,1.707,-2.565,-2.854,0.003,0.003,17.599,15.994,16.932,18.319,18.545,18.443,16.782,16.149,16.401,18.238,18.136,18.358,15.892,14.874,14.916,17.045,19.37,3725,0
3760041291,3.923949997,25.799,11.793,13.157,17.746,8.225,12.92,1693.576,0.914,399.564,27.009,14.418,3.654,0,0,0,0,0,5556.479,1.355,0,281.005,12.174,153.125,15.31,141.856,9.921,5.354,27.693,278.777,32.8,5.101,841.057,26.853,16.155,20.711,-22.769,16.004,18.301,8.38,0,0,4.155,2.19,1.715,-2.701,-2.878,0.003,0.003,17.578,15.989,16.946,18.346,18.577,18.435,16.805,16.162,16.397,18.252,18.146,18.351,15.897,14.882,14.93,17.051,19.381,3725,0
3760041293,3.955383333,25.835,11.827,13.157,17.733,8.242,12.92,1709.77,0.901,399.5,27.008,14.418,3.794,0,0,0,0,0,5565.526,1.364,0,281.023,12.163,153.081,15.346,141.78,9.904,5.407,27.726,278.722,32.792,5.059,841.115,26.871,16.17,20.703,-22.768,16.023,18.283,8.379,0,0,4.155,2.188,1.722,-2.629,-2.799,0.003,0.003,17.571,15.987,16.959,18.314,18.557,18.462,16.796,16.154,16.405,18.251,18.127,18.341,15.887,14.872,14.929,17.049,19.388,3725,0
3760041295,3.991833329,25.846,11.819,13.157,17.742,8.219,12.918,1689.23,0.92,399.517,27.016,14.418,3.797,0,0,0,0,0,5581.512,1.359,0,281.104,12.155,153.028,15.332,141.855,9.92,5.377,27.692,278.739,32.794,5.095,840.839,26.842,16.178,20.7,-22.768,16.023,18.308,8.388,0,0,4.157,2.217,1.714,-2.679,-2.891,0.003,0.003,17.587,15.985,16.972,18.323,18.57,18.449,16.805,16.14,16.406,18.262,18.135,18.362,15.905,14.886,14.924,17.054,19.374,3725,0
3760041297,4.021383333,25.842,11.8,13.04,17.736,8.256,12.919,1652.959,0.896,399.526,27.026,14.418,3.814,0,0,0,0,0,5570.975,1.375,0,281.023,12.155,152.988,15.334,141.887,9.927,5.371,27.691,279.059,32.837,5.14,841.144,26.868,16.158,20.725,-22.768,16.084,18.283,8.355,0,0,4.156,2.157,1.715,-2.742,-2.757,0.003,0.003,17.57,15.985,16.962,18.314,18.562,18.448,16.79,16.13,16.393,18.259,18.134,18.336,15.878,14.874,14.901,17.05,19.389,3725,0
3760041299,4.04866666,25.851,11.841,13.157,17.701,8.262,12.92,1698.261,0.853,399.524,26.999,14.42,3.815,0,0,0,0,0,5600.257,1.383,0,280.931,12.167,152.989,15.343,141.735,9.894,5.414,27.693,278.932,32.82,5.121,840.994,26.866,16.117,20.729,-22.769,16.085,18.294,8.4,0,0,4.155,2.133,1.713,-2.603,-2.683,0.003,0.003,17.579,15.988,16.954,18.336,18.562,18.46,16.8,16.15,16.393,18.262,18.143,18.334,15.889,14.878,14.901,17.05,19.379,3725,0
3760041300,4.07555,25.794,11.8,13.157,17.75,8.239,12.919,1700.477,0.907,399.555,26.994,14.42,3.769,0,0,0,0,0,5613.249,1.353,0,281.134,12.179,153.049,15.326,141.788,9.906,5.384,27.676,278.983,32.827,5.145,841.067,26.843,16.161,20.704,-22.769,16.094,18.273,8.367,0,0,4.158,2.179,1.714,-2.669,-2.838,0.003,0.003,17.604,16.011,16.977,18.303,18.565,18.465,16.801,16.137,16.395,18.255,18.15,18.373,15.907,14.881,14.929,17.049,19.373,3725,0
3760041302,4.105333328,25.822,11.855,13.156,17.725,8.235,12.919,1662.575,0.909,399.565,27.011,14.419,3.704,0,0,0,0,0,5560.85,1.351,0,281.064,12.174,153.103,15.349,141.736,9.895,5.419,27.72,278.741,32.795,5.068,841.066,26.836,16.143,20.732,-22.769,16.067,18.268,8.373,0,0,4.156,2.219,1.704,-2.507,-2.81,0.003,0.003,17.599,15.988,16.98,18.298,18.561,18.479,16.802,16.129,16.406,18.273,18.145,18.361,15.894,14.871,14.921,17.048,19.381,3725,0
3760041304,4.132299995,25.825,11.852,13.157,17.73,8.23,12.919,1688.336,0.865,399.533,27.007,14.419,3.687,0,0,0,0,0,5557.236,1.362,0,281.041,12.17,153.082,15.336,141.678,9.882,5.419,27.699,278.716,32.791,5.086,842.179,26.842,16.184,20.723,-22.769,16.033,18.292,8.41,0,0,4.157,2.172,1.711,-2.521,-2.837,0.003,0.003,17.613,15.98,16.962,18.305,18.542,18.481,16.783,16.137,16.41,18.253,18.144,18.347,15.888,14.865,14.917,17.047,19.353,3725,0
3760041306,4.167999999,25.855,11.837,13.156,17.73,8.23,12.918,1662.276,0.895,399.538,26.982,14.419,3.653,0,0,0,0,0,5576.792,1.361,0,281.089,12.171,153.061,15.349,141.8,9.908,5.405,27.7,278.83,32.807,5.1,841.063,26.821,16.191,20.724,-22.769,16.034,18.289,8.381,0,0,4.157,2.194,1.702,-2.626,-2.836,0.003,0.003,17.628,15.987,16.957,18.323,18.555,18.464,16.8,16.15,16.411,18.26,18.154,18.35,15.884,14.881,14.924,17.04,19.358,3725,0
3760041308,4.195466661,25.863,11.842,13.156,17.747,8.235,12.919,1670.836,0.864,399.55,26.979,14.418,3.721,0,0,0,0,0,5574.276,1.361,0,280.992,12.172,153.067,15.354,141.784,9.905,5.414,27.708,278.815,32.805,5.091,841.336,26.854,16.174,20.734,-22.768,16.04,18.294,8.389,0,0,4.156,2.161,1.709,-2.616,-2.843,0.003,0.003,17.626,15.984,16.937,18.33,18.563,18.479,16.793,16.122,16.406,18.254,18.127,18.34,15.898,14.882,14.935,17.043,19.372,3725,0
3760041310,4.230733331,25.821,11.826,13.156,17.726,8.249,12.919,1683.351,0.874,399.517,27.029,14.418,3.774,0,0,0,0,0,5576.356,1.37,0,281.116,12.175,153.072,15.353,141.766,9.901,5.417,27.724,278.98,32.827,5.097,840.913,26.843,16.147,20.741,-22.769,15.997,18.28,8.379,0,0,4.157,2.154,1.703,-2.612,-2.765,0.003,0.003,17.635,15.989,16.949,18.335,18.561,18.472,16.806,16.143,16.415,18.266,18.152,18.346,15.897,14.888,14.917,17.036,19.361,3725,0
3760041312,4.265333327,25.805,11.801,13.157,17.736,8.234,12.919,1699.942,0.889,399.516,26.987,14.418,3.762,0,0,0,0,0,5591.48,1.374,0,280.709,12.154,153.089,15.383,141.773,9.902,5.445,27.69,278.871,32.812,5.115,841.117,26.848,16.175,20.726,-22.769,15.977,18.268,8.365,0,0,4.153,2.163,1.709,-2.68,-2.831,0.003,0.003,17.666,15.973,16.938,18.384,18.539,18.47,16.818,16.153,16.41,18.272,18.134,18.328,15.881,14.877,14.895,17.032,19.357,3725,0
3760041314,4.292799997,25.824,11.799,13.157,17.734,8.248,12.919,1688.481,0.908,399.508,26.995,14.419,3.819,0,0,0,0,0,5598.663,1.361,0,280.966,12.17,152.983,15.386,141.792,9.906,5.445,27.687,279,32.829,5.136,841.234,26.852,16.101,20.73,-22.768,16.008,18.277,8.37,0,0,4.157,2.174,1.709,-2.72,-2.78,0.003,0.003,17.678,15.989,16.948,18.37,18.543,18.462,16.799,16.155,16.394,18.268,18.159,18.348,15.894,14.879,14.926,17.028,19.349,3725,0
3760041316,4.32771666,25.831,11.85,13.157,17.716,8.243,12.919,1680.937,0.895,399.548,27.005,14.419,3.729,0,0,0,0,0,5574.678,1.375,0,280.961,12.173,153.065,15.41,141.832,9.915,5.46,27.701,278.819,32.805,5.098,841.1,26.83,16.115,20.749,-22.768,16.005,18.29,8.375,0,0,4.157,2.196,1.698,-2.54,-2.77,0.003,0.003,17.678,15.995,16.933,18.358,18.537,18.477,16.784,16.145,16.383,18.267,18.134,18.356,15.896,14.882,14.917,17.028,19.375,3725,0
3760041318,4.36233333,25.845,11.833,13.039,17.726,8.25,12.919,1670.935,0.886,399.539,26.981,14.42,3.689,0,0,0,0,0,5599.08,1.373,0,281.007,12.169,153.076,15.381,141.788,9.906,5.44,27.678,278.792,32.802,5.117,841.092,26.827,16.166,20.719,-22.768,16.042,18.302,8.396,0,0,4.158,2.171,1.705,-2.627,-2.763,0.003,0.003,17.65,15.977,16.938,18.349,18.557,18.483,16.788,16.17,16.397,18.282,18.145,18.346,15.883,14.867,14.912,17.041,19.353,3725,0
3760041320,4.397416663,25.822,11.838,13.04,17.739,8.242,12.919,1703.436,0.875,399.578,27.012,14.418,3.787,0,0,0,0,0,5595.382,1.351,0,280.818,12.174,153.058,15.395,141.802,9.909,5.45,27.679,278.747,32.796,5.11,840.892,26.831,16.143,20.728,-22.767,16.022,18.281,8.372,0,0,4.155,2.166,1.704,-2.568,-2.808,0.003,0.003,17.677,16.002,16.937,18.339,18.546,18.476,16.788,16.148,16.397,18.254,18.124,18.356,15.893,14.876,14.929,17.032,19.377,3725,0
3760041322,4.426933328,25.805,11.829,13.04,17.722,8.252,12.919,1699.28,0.913,399.525,27.007,14.418,3.694,0,0,0,0,0,5557.051,1.354,0,281.036,12.159,153.078,15.377,141.68,9.882,5.459,27.685,278.806,32.803,5.112,841.042,26.823,16.147,20.712,-22.768,15.994,18.291,8.408,0,0,4.158,2.197,1.706,-2.577,-2.749,0.003,0.003,17.685,16.013,16.95,18.326,18.538,18.477,16.782,16.15,16.392,18.263,18.119,18.344,15.893,14.876,14.916,17.043,19.372,3725,0
3760041323,4.458116666,25.807,11.827,13.04,17.732,8.252,12.919,1691.905,0.908,399.515,26.989,14.419,3.68,0,0,0,0,0,5561.914,1.363,0,281.157,12.175,153.007,15.422,141.746,9.897,5.49,27.682,278.848,32.809,5.121,841.038,26.852,16.155,20.72,-22.768,15.994,18.279,8.383,0,0,4.161,2.19,1.712,-2.587,-2.763,0.003,0.003,17.678,15.987,16.94,18.332,18.532,18.494,16.781,16.161,16.4,18.269,18.143,18.31,15.893,14.864,14.922,17.041,19.368,3725,0
3760041325,4.487316664,25.824,11.831,13.038,17.73,8.244,12.919,1672.804,0.899,399.538,26.988,14.42,3.749,0,0,0,0,0,5577.929,1.344,0,280.981,12.175,153.088,15.463,141.846,9.918,5.51,27.683,278.878,32.813,5.124,841.127,26.842,16.11,20.717,-22.769,15.983,18.282,8.363,0,0,4.159,2.188,1.71,-2.601,-2.79,0.003,0.003,17.687,15.996,16.919,18.317,18.512,18.459,16.786,16.145,16.398,18.261,18.14,18.325,15.892,14.862,14.908,17.038,19.373,3725,0
3760041327,4.516683332,25.831,11.828,13.04,17.734,8.225,12.919,1714.222,0.877,399.562,26.988,14.419,3.824,0,0,0,0,0,5545.12,1.355,0,281.057,12.163,153.087,15.44,141.717,9.891,5.514,27.674,278.858,32.81,5.13,840.95,26.824,16.147,20.707,-22.768,15.983,18.272,8.381,0,0,4.161,2.172,1.708,-2.621,-2.859,0.003,0.003,17.664,15.994,16.916,18.339,18.53,18.466,16.78,16.136,16.407,18.261,18.145,18.327,15.893,14.868,14.912,17.032,19.368,3725,0
3760041329,4.547066665,25.881,11.826,13.04,17.71,8.256,12.919,1686.977,0.926,399.533,27.005,14.418,3.794,0,0,0,0,0,5564.855,1.37,0,281.31,12.181,153.029,15.408,141.844,9.918,5.455,27.696,278.863,32.811,5.109,841.091,26.837,16.132,20.72,-22.769,16.056,18.284,8.367,0,0,4.162,2.205,1.708,-2.704,-2.715,0.003,0.003,17.621,15.989,16.942,18.317,18.521,18.482,16.76,16.116,16.406,18.26,18.131,18.331,15.89,14.862,14.907,17.036,19.366,3725,0
3760041331,4.576849993,25.825,11.819,13.04,17.737,8.247,12.919,1701.211,0.893,399.524,27.006,14.418,3.843,0,0,0,0,0,5590.46,1.355,0,280.895,12.163,153.116,15.413,141.868,9.923,5.455,27.685,278.946,32.822,5.131,841.812,26.825,16.139,20.721,-22.769,15.982,18.289,8.365,0,0,4.156,2.172,1.706,-2.646,-2.788,0.003,0.003,17.636,15.978,16.952,18.302,18.517,18.475,16.769,16.119,16.398,18.25,18.119,18.316,15.885,14.867,14.894,17.035,19.373,3725,0
3760041333,4.612833333,25.828,11.815,13.039,17.724,8.228,12.919,1684.093,0.91,399.516,26.973,14.419,3.774,0,0,0,0,0,5564.008,1.364,0,281.024,12.163,153.026,15.428,141.799,9.908,5.485,27.698,278.759,32.797,5.093,841.237,26.858,16.158,20.741,-22.767,16.049,18.289,8.381,0,0,4.158,2.198,1.708,-2.666,-2.833,0.003,0.003,17.625,15.963,16.947,18.265,18.514,18.479,16.773,16.115,16.392,18.243,18.128,18.337,15.88,14.863,14.9,17.038,19.363,3725,0
3760041334,4.640033333,25.839,11.824,13.04,17.725,8.228,12.919,1697.211,0.89,399.531,26.985,14.42,3.789,0,0,0,0,0,5579.5,1.366,0,280.574,12.17,153.03,15.429,141.747,9.897,5.497,27.696,278.741,32.795,5.093,841.035,26.863,16.183,20.703,-22.768,16.008,18.268,8.371,0,0,4.152,2.182,1.72,-2.651,-2.837,0.003,0.003,17.628,15.965,16.927,18.275,18.52,18.421,16.767,16.112,16.408,18.27,18.141,18.328,15.885,14.871,14.901,17.04,19.362,3725,0
3760041336,4.667499995,25.862,11.832,13.039,17.741,8.226,12.919,1707.298,0.905,399.572,27.019,14.419,3.744,0,0,0,0,0,5583.149,1.354,0,280.713,12.191,153.061,15.399,141.888,9.928,5.436,27.709,278.944,32.822,5.107,840.867,26.871,16.119,20.706,-22.768,16.02,18.263,8.335,0,0,4.152,2.205,1.721,-2.656,-2.867,0.003,0.003,17.62,15.967,16.95,18.289,18.531,18.46,16.796,16.15,16.427,18.267,18.153,18.334,15.885,14.879,14.912,17.039,19.367,3725,0
3760041338,4.694199999,25.833,11.813,13.156,17.724,8.227,12.919,1688.695,0.917,399.549,26.998,14.42,3.824,0,0,0,0,0,5562.251,1.357,0,280.915,12.168,153.163,15.407,141.905,9.931,5.441,27.689,279.105,32.844,5.149,841.131,26.859,16.15,20.723,-22.769,16.02,18.275,8.343,0,0,4.156,2.205,1.713,-2.681,-2.836,0.003,0.003,17.607,15.972,16.925,18.323,18.534,18.458,16.782,16.135,16.399,18.26,18.132,18.323,15.86,14.863,14.9,17.039,19.37,3725,0
3760041340,4.731599998,25.814,11.831,13.038,17.715,8.255,12.919,1701.596,0.895,399.564,26.998,14.419,3.81,0,0,0,0,0,5568.102,1.382,0,280.998,12.176,153.052,15.385,141.865,9.923,5.427,27.696,279.019,32.832,5.13,841.643,26.869,16.15,20.725,-22.768,15.995,18.272,8.35,0,0,4.157,2.178,1.717,-2.581,-2.729,0.003,0.003,17.624,15.968,16.933,18.366,18.566,18.472,16.782,16.137,16.395,18.271,18.142,18.325,15.883,14.863,14.916,17.039,19.375,3725,0
3760041342,4.76116666,25.834,11.847,13.157,17.722,8.247,12.919,1692.225,0.911,399.533,27.013,14.42,3.786,0,0,0,0,0,5611.468,1.365,0,280.998,12.177,153.09,15.394,141.957,9.942,5.416,27.692,278.832,32.807,5.109,842.05,26.833,16.166,20.719,-22.769,16.011,18.28,8.337,0,0,4.157,2.209,1.709,-2.555,-2.768,0.003,0.003,17.606,15.968,16.945,18.347,18.554,18.462,16.79,16.148,16.387,18.261,18.13,18.327,15.892,14.877,14.917,17.042,19.35,3725,0
3760041343,4.792233332,25.86,11.837,13.039,17.707,8.261,12.919,1730.72,0.9,399.562,26.997,14.419,3.84,0,0,0,0,0,5582.164,1.388,0,280.859,12.181,153.095,15.381,141.835,9.916,5.429,27.691,278.972,32.826,5.129,840.972,26.875,16.11,20.705,-22.768,15.985,18.274,8.357,0,0,4.155,2.181,1.722,-2.632,-2.695,0.003,0.003,17.582,15.971,16.923,18.327,18.553,18.465,16.793,16.14,16.407,18.263,18.133,18.342,15.896,14.864,14.917,17.046,19.363,3725,0
3760041345,4.819466662,25.843,11.802,13.04,17.742,8.216,12.919,1694.474,0.946,399.539,26.98,14.419,3.82,0,0,0,0,0,5622.428,1.389,0,280.916,12.185,153.114,15.366,141.8,9.908,5.423,27.676,278.848,32.809,5.127,841.136,26.83,16.146,20.734,-22.768,16.028,18.292,8.384,0,0,4.156,2.235,1.702,-2.739,-2.902,0.003,0.003,17.575,15.965,16.926,18.362,18.539,18.471,16.788,16.127,16.387,18.243,18.123,18.311,15.882,14.865,14.917,17.045,19.365,3725,0
3760041347,4.855266666,25.835,11.832,13.039,17.738,8.226,12.919,1705.289,0.902,399.54,27.004,14.419,3.893,0,0,0,0,0,5624.488,1.358,0,281.071,12.179,153.135,15.356,141.768,9.902,5.419,27.725,278.904,32.817,5.085,841.116,26.866,16.171,20.724,-22.768,15.99,18.288,8.386,0,0,4.156,2.202,1.715,-2.612,-2.862,0.003,0.003,17.585,15.961,16.931,18.37,18.553,18.45,16.799,16.142,16.403,18.262,18.136,18.298,15.882,14.871,14.903,17.053,19.373,3725,0
3760041349,4.883049997,25.834,11.837,13.04,17.713,8.243,12.919,1682.279,0.915,399.549,26.982,14.42,3.808,0,0,0,0,0,5569.307,1.372,0,281.065,12.178,153.107,15.334,141.763,9.9,5.398,27.728,279.088,32.841,5.107,841.137,26.865,16.133,20.676,-22.769,15.992,18.311,8.411,0,0,4.156,2.209,1.728,-2.594,-2.765,0.003,0.003,17.581,15.973,16.941,18.366,18.548,18.453,16.79,16.132,16.393,18.254,18.14,18.322,15.887,14.85,14.899,17.061,19.351,3725,0
3760041351,4.910349997,25.849,11.817,13.04,17.751,8.238,12.919,1671.969,0.888,399.557,26.999,14.419,3.888,0,0,0,0,0,5594.814,1.364,0,281.055,12.178,153.1,15.334,141.855,9.921,5.378,27.709,279.001,32.83,5.114,840.252,26.864,16.141,20.711,-22.767,16.026,18.29,8.37,0,0,4.156,2.169,1.716,-2.69,-2.842,0.003,0.003,17.596,15.974,16.956,18.366,18.539,18.447,16.801,16.148,16.38,18.257,18.14,18.331,15.877,14.859,14.896,17.044,19.342,3725,0
3760041352,4.937899995,25.829,11.848,13.04,17.705,8.268,12.919,1715.859,0.875,399.54,27.002,14.419,3.933,0,0,0,0,0,5580.438,1.361,0,281.101,12.163,153.099,15.308,141.865,9.923,5.351,27.703,278.989,32.828,5.119,841.875,26.905,16.188,20.75,-22.768,16.038,18.291,8.368,0,0,4.156,2.159,1.72,-2.544,-2.668,0.003,0.003,17.599,15.982,16.958,18.357,18.532,18.484,16.81,16.138,16.38,18.244,18.119,18.348,15.878,14.871,14.901,17.053,19.359,3725,0
3760041354,4.967849994,25.859,11.808,13.039,17.725,8.239,12.92,1682.07,0.928,399.531,26.977,14.418,3.861,0,0,0,0,0,5573.785,1.388,0,281.339,12.173,153.029,15.316,141.883,9.926,5.354,27.683,279.197,32.856,5.167,841.122,26.86,16.159,20.713,-22.769,16.028,18.31,8.384,0,0,4.16,2.206,1.716,-2.737,-2.798,0.003,0.003,17.608,15.979,16.964,18.363,18.532,18.453,16.802,16.134,16.391,18.242,18.114,18.328,15.893,14.869,14.917,17.055,19.354,3725,0
3760041356,4.999733329,25.849,11.815,13.156,17.724,8.219,12.919,1709.877,0.887,399.519,27.029,14.418,3.888,0,0,0,0,0,5622.834,1.364,0,281.025,12.187,153.075,15.323,141.815,9.912,5.376,27.717,279.245,32.862,5.139,840.43,26.86,16.154,20.713,-22.768,16.061,18.318,8.407,0,0,4.155,2.179,1.715,-2.696,-2.862,0.003,0.003,17.611,15.964,16.963,18.367,18.535,18.442,16.792,16.137,16.387,18.247,18.126,18.329,15.901,14.864,14.923,17.054,19.348,3725,0
3760041358,5.034383329,25.808,11.82,13.039,17.729,8.242,12.919,1687.341,0.92,399.513,26.985,14.42,3.797,0,0,0,0,0,5580.766,1.373,0,281.039,12.18,153.147,15.317,141.786,9.905,5.376,27.687,279.059,32.837,5.144,840.967,26.876,16.142,20.733,-22.768,16.012,18.306,8.401,0,0,4.156,2.205,1.715,-2.617,-2.797,0.003,0.003,17.603,15.981,16.962,18.359,18.524,18.448,16.795,16.135,16.398,18.253,18.123,18.325,15.892,14.869,14.918,17.044,19.355,3725,0
3760041360,5.069283326,25.81,11.817,13.041,17.74,8.217,12.919,1676.652,0.894,399.572,26.989,14.419,3.932,0,0,0,0,0,5596.569,1.381,0,281.51,12.176,153.113,15.312,141.898,9.93,5.347,27.716,279.141,32.849,5.127,840.997,26.872,16.111,20.723,-22.768,16.029,18.292,8.362,0,0,4.162,2.188,1.717,-2.632,-2.896,0.003,0.003,17.598,15.986,16.987,18.357,18.536,18.457,16.789,16.134,16.387,18.251,18.131,18.335,15.886,14.873,14.917,17.048,19.341,3725,0
3760041362,5.09818333,25.822,11.795,13.039,17.709,8.243,12.92,1698.749,0.881,399.54,26.994,14.421,3.832,0,0,0,0,0,5611.285,1.36,0,281.309,12.184,153.093,15.328,141.808,9.91,5.382,27.714,279.16,32.851,5.131,840.959,26.893,16.133,20.721,-22.769,16.022,18.278,8.368,0,0,4.159,2.146,1.723,-2.732,-2.761,0.003,0.003,17.637,15.997,17.004,18.343,18.529,18.446,16.779,16.13,16.384,18.254,18.125,18.327,15.909,14.884,14.941,17.046,19.35,3725,0
3760041363,5.125566665,25.849,11.832,13.04,17.726,8.23,12.92,1681.624,0.907,399.586,27.004,14.419,3.892,0,0,0,0,0,5571.728,1.36,0,281.078,12.181,153.131,15.33,142.006,9.953,5.342,27.702,279.11,32.844,5.136,840.997,26.883,16.143,20.721,-22.768,16.016,18.282,8.329,0,0,4.156,2.205,1.72,-2.634,-2.829,0.003,0.003,17.64,15.981,16.988,18.342,18.546,18.442,16.79,16.149,16.381,18.249,18.144,18.338,15.882,14.874,14.926,17.044,19.366,3725,0
3760041365,5.156699999,25.817,11.829,13.039,17.723,8.23,12.919,1682.619,0.887,399.534,27.013,14.419,3.902,0,0,0,0,0,5573.325,1.367,0,281.343,12.193,153.114,15.293,142.01,9.954,5.304,27.72,279.084,32.841,5.114,841.099,26.899,16.13,20.716,-22.769,16.049,18.311,8.357,0,0,4.158,2.181,1.726,-2.597,-2.825,0.003,0.003,17.659,15.985,16.993,18.352,18.556,18.453,16.795,16.161,16.396,18.272,18.139,18.348,15.892,14.87,14.927,17.047,19.363,3725,0
3760041367,5.191733329,25.842,11.826,13.04,17.724,8.247,12.919,1701.309,0.888,399.546,26.971,14.42,3.878,0,0,0,0,0,5584.68,1.345,0,281.191,12.185,153.176,15.319,141.928,9.936,5.348,27.712,279.357,32.877,5.16,841.727,26.866,16.162,20.749,-22.769,16.055,18.296,8.359,0,0,4.157,2.171,1.709,-2.645,-2.77,0.003,0.003,17.656,15.982,17.009,18.356,18.572,18.467,16.811,16.147,16.411,18.274,18.163,18.366,15.901,14.875,14.923,17.045,19.359,3725,0
3760041369,5.219149995,25.838,11.846,13.039,17.709,8.252,12.919,1695.659,0.91,399.555,27.011,14.418,3.917,0,0,0,0,0,5545.332,1.375,0,281.316,12.185,153.134,15.271,141.859,9.921,5.314,27.707,279.169,32.852,5.139,840.773,26.878,16.161,20.718,-22.768,16.05,18.281,8.36,0,0,4.158,2.205,1.719,-2.562,-2.728,0.003,0.003,17.642,15.984,16.985,18.314,18.545,18.456,16.793,16.125,16.41,18.257,18.141,18.35,15.885,14.863,14.917,17.044,19.374,3725,0
3760041371,5.246983329,25.815,11.816,13.04,17.734,8.237,12.919,1687.603,0.904,399.524,27.01,14.42,3.896,0,0,0,0,0,5600.179,1.349,0,280.62,12.173,153.134,15.287,141.839,9.917,5.335,27.716,279.025,32.833,5.11,841.157,26.877,16.166,20.708,-22.769,16.064,18.299,8.382,0,0,4.148,2.187,1.722,-2.641,-2.82,0.003,0.003,17.679,15.991,16.988,18.333,18.548,18.454,16.801,16.143,16.408,18.256,18.142,18.357,15.885,14.882,14.924,17.047,19.361,3725,0
3760041373,5.277799996,25.828,11.835,13.039,17.716,8.248,12.919,1682.507,0.894,399.563,27.004,14.419,3.887,0,0,0,0,0,5553.876,1.346,0,280.994,12.173,153.078,15.268,141.847,9.919,5.314,27.702,279.351,32.877,5.168,841.001,26.875,16.139,20.743,-22.768,16.02,18.308,8.389,0,0,4.154,2.182,1.712,-2.588,-2.751,0.003,0.003,17.679,15.989,16.975,18.332,18.554,18.468,16.794,16.167,16.4,18.264,18.161,18.355,15.882,14.87,14.931,17.052,19.37,3725,0
3760041374,5.308099993,25.832,11.844,13.04,17.714,8.264,12.919,1665.259,0.888,399.531,27.027,14.419,3.887,0,0,0,0,0,5548.056,1.353,0,280.983,12.187,153.076,15.263,141.973,9.946,5.282,27.69,279.06,32.838,5.142,841.105,26.856,16.164,20.725,-22.768,16.036,18.299,8.354,0,0,4.153,2.172,1.712,-2.563,-2.698,0.003,0.003,17.673,15.98,16.965,18.319,18.561,18.464,16.801,16.173,16.41,18.277,18.169,18.346,15.896,14.868,14.913,17.053,19.374,3725,0
3760041376,5.337966665,25.836,11.848,13.038,17.715,8.265,12.919,1685.08,0.868,399.548,26.988,14.419,3.857,0,0,0,0,0,5559.695,1.375,0,280.989,12.195,153.144,15.252,141.83,9.915,5.302,27.706,279.221,32.859,5.147,840.26,26.858,16.163,20.718,-22.769,16.063,18.308,8.393,0,0,4.153,2.152,1.712,-2.555,-2.696,0.003,0.003,17.655,15.975,16.956,18.309,18.534,18.47,16.789,16.145,16.398,18.264,18.157,18.327,15.897,14.868,14.917,17.057,19.373,3725,0
3760041378,5.373283331,25.83,11.85,13.04,17.72,8.242,12.919,1676.569,0.891,399.539,26.996,14.419,3.851,0,0,0,0,0,5599.591,1.371,0,281.541,12.199,153.183,15.265,141.925,9.936,5.294,27.701,278.991,32.828,5.121,841.223,26.856,16.226,20.734,-22.767,16.044,18.292,8.356,0,0,4.161,2.193,1.71,-2.536,-2.779,0.003,0.003,17.669,15.995,16.977,18.328,18.537,18.48,16.79,16.136,16.393,18.269,18.143,18.32,15.899,14.873,14.915,17.06,19.375,3725,0
3760041380,5.400166663,25.834,11.793,13.039,17.738,8.237,12.919,1695.754,0.881,399.541,27.011,14.419,3.784,0,0,0,0,0,5592.526,1.356,0,281.064,12.199,153.203,15.26,141.87,9.924,5.301,27.725,279.263,32.865,5.134,841.127,26.856,16.131,20.734,-22.768,16.064,18.292,8.368,0,0,4.153,2.147,1.709,-2.758,-2.823,0.003,0.003,17.638,15.996,16.947,18.343,18.532,18.487,16.805,16.155,16.388,18.246,18.129,18.326,15.901,14.875,14.916,17.057,19.362,3725,0
3760041382,5.427699995,25.809,11.804,13.04,17.742,8.221,12.919,1693.99,0.904,399.531,27.016,14.419,3.819,0,0,0,0,0,5567.144,1.355,0,281.304,12.202,153.202,15.303,141.996,9.951,5.317,27.711,278.981,32.827,5.11,840.974,26.887,16.162,20.727,-22.768,16.015,18.297,8.346,0,0,4.158,2.188,1.72,-2.677,-2.885,0.003,0.003,17.626,15.99,16.958,18.326,18.546,18.473,16.798,16.145,16.4,18.251,18.133,18.331,15.891,14.877,14.915,17.052,19.362,3725,0
3760041383,5.455249993,25.832,11.828,13.04,17.721,8.267,12.917,1683.204,0.901,399.546,27.007,14.42,3.74,0,0,0,0,0,5564.01,1.351,0,280.977,12.199,153.216,15.269,142.008,9.953,5.28,27.719,279.142,32.849,5.123,840.97,26.898,16.148,20.737,-22.768,16.007,18.302,8.348,0,0,4.152,2.175,1.72,-2.623,-2.697,0.003,0.003,17.603,15.992,16.956,18.312,18.554,18.467,16.803,16.159,16.42,18.26,18.162,18.333,15.893,14.874,14.923,17.06,19.367,3725,0
3760041385,5.485233331,25.802,11.808,13.04,17.725,8.232,12.919,1685.286,0.889,399.565,26.98,14.419,3.777,0,0,0,0,0,5556.232,1.379,0,281.071,12.187,153.204,15.268,141.959,9.943,5.29,27.716,278.963,32.825,5.102,841.071,26.87,16.13,20.719,-22.768,15.995,18.315,8.372,0,0,4.154,2.169,1.718,-2.652,-2.823,0.003,0.003,17.601,15.987,16.956,18.313,18.564,18.474,16.796,16.143,16.402,18.259,18.147,18.318,15.898,14.883,14.939,17.058,19.366,3725,0
3760041387,5.51281666,25.806,11.81,13.04,17.722,8.239,12.919,1688.848,0.891,399.54,26.986,14.42,3.767,0,0,0,0,0,5607.43,1.335,0,281.207,12.204,153.143,15.293,141.945,9.94,5.318,27.73,279.027,32.833,5.097,841.158,26.892,16.137,20.731,-22.768,15.995,18.32,8.38,0,0,4.156,2.168,1.72,-2.65,-2.793,0.003,0.003,17.597,15.995,16.963,18.305,18.543,18.461,16.792,16.158,16.398,18.248,18.132,18.342,15.889,14.885,14.953,17.059,19.364,3725,0
3760041389,5.55031666,25.829,11.827,13.04,17.728,8.243,12.92,1672.003,0.896,399.563,26.981,14.419,3.819,0,0,0,0,0,5529.011,1.366,0,281.379,12.186,153.229,15.284,142.045,9.961,5.288,27.708,279.237,32.861,5.148,841.139,26.902,16.147,20.726,-22.769,15.997,18.308,8.347,0,0,4.159,2.182,1.724,-2.623,-2.79,0.003,0.003,17.589,15.987,16.959,18.343,18.547,18.455,16.802,16.165,16.427,18.267,18.15,18.317,15.897,14.873,14.933,17.056,19.367,3725,0
3760041391,5.580833332,25.805,11.846,13.155,17.722,8.23,12.919,1702.606,0.876,399.544,26.979,14.419,3.824,0,0,0,0,0,5583.871,1.379,0,281.188,12.193,153.139,15.289,141.924,9.935,5.318,27.73,279.03,32.834,5.097,840.862,26.878,16.169,20.718,-22.768,16.05,18.318,8.382,0,0,4.156,2.18,1.719,-2.513,-2.823,0.003,0.003,17.603,15.988,16.971,18.342,18.545,18.479,16.803,16.16,16.423,18.262,18.159,18.338,15.907,14.878,14.925,17.06,19.358,3725,0
3760041393,5.613033326,25.802,11.807,13.04,17.736,8.245,12.919,1691.705,0.912,399.541,26.984,14.42,3.801,0,0,0,0,0,5607.385,1.355,0,281.085,12.201,153.176,15.294,142.025,9.957,5.302,27.737,279.321,32.873,5.129,841.13,26.895,16.14,20.713,-22.768,15.989,18.304,8.347,0,0,4.153,2.185,1.726,-2.658,-2.794,0.003,0.003,17.611,15.97,16.961,18.332,18.554,18.475,16.818,16.167,16.419,18.261,18.15,18.359,15.902,14.882,14.934,17.058,19.367,3725,0
3760041395,5.642899998,25.862,11.836,13.04,17.728,8.238,12.92,1704.886,0.899,399.555,27.017,14.42,3.802,0,0,0,0,0,5564.629,1.362,0,281.024,12.195,153.211,15.27,141.909,9.932,5.302,27.73,279.023,32.833,5.096,841.057,26.904,16.145,20.733,-22.768,16.056,18.303,8.371,0,0,4.153,2.194,1.723,-2.641,-2.807,0.003,0.003,17.621,16.002,16.978,18.328,18.572,18.453,16.806,16.145,16.423,18.276,18.159,18.361,15.903,14.891,14.939,17.062,19.357,3725,0
3760041396,5.671783328,25.845,11.835,13.04,17.716,8.25,12.919,1666.427,0.915,399.556,27.006,14.419,3.886,0,0,0,0,0,5576.541,1.346,0,281.009,12.19,153.183,15.27,142.011,9.954,5.281,27.751,279.127,32.847,5.089,841.149,26.887,16.164,20.736,-22.768,16.002,18.309,8.355,0,0,4.151,2.204,1.717,-2.614,-2.746,0.003,0.003,17.625,16,16.981,18.337,18.585,18.477,16.808,16.159,16.424,18.271,18.143,18.368,15.907,14.883,14.93,17.057,19.363,3725,0
3760041398,5.701116665,25.85,11.807,13.043,17.748,8.208,12.918,1694.936,0.869,399.531,27.032,14.419,3.86,0,0,0,0,0,5547.618,1.35,0,281.023,12.197,153.159,15.266,141.994,9.95,5.28,27.739,279.159,32.851,5.105,841.162,26.89,16.156,20.729,-22.767,16.004,18.292,8.342,0,0,4.152,2.16,1.72,-2.728,-2.94,0.003,0.003,17.624,15.995,16.983,18.328,18.584,18.475,16.806,16.157,16.409,18.255,18.143,18.36,15.915,14.894,14.931,17.056,19.373,3725,0
3760041400,5.729066666,25.822,11.815,13.156,17.763,8.24,12.919,1675.766,0.903,399.548,26.974,14.419,3.909,0,0,0,0,0,5555.839,1.359,0,281.092,12.203,153.192,15.28,141.84,9.917,5.327,27.723,279.215,32.858,5.129,841.061,26.882,16.109,20.724,-22.768,16.004,18.313,8.396,0,0,4.155,2.184,1.719,-2.655,-2.854,0.003,0.003,17.598,15.985,16.957,18.371,18.582,18.45,16.801,16.162,16.413,18.271,18.148,18.345,15.905,14.868,14.925,17.069,19.382,3725,0
3760041402,5.76473333,25.818,11.793,13.039,17.748,8.223,12.918,1674.877,0.88,399.542,26.994,14.419,3.78,0,0,0,0,0,5571.799,1.353,0,281.363,12.199,153.222,15.27,141.853,9.92,5.315,27.73,279.397,32.883,5.147,841.035,26.898,16.14,20.734,-22.768,15.944,18.316,8.396,0,0,4.158,2.154,1.721,-2.733,-2.888,0.003,0.003,17.611,15.999,16.971,18.376,18.581,18.459,16.804,16.156,16.401,18.278,18.153,18.364,15.929,14.884,14.934,17.064,19.365,3725,0
3760041404,5.800599996,25.801,11.826,13.039,17.723,8.257,12.919,1682.803,0.879,399.542,26.994,14.42,3.762,0,0,0,0,0,5560.836,1.375,0,281.305,12.208,153.204,15.246,141.887,9.927,5.284,27.702,278.916,32.818,5.11,841.12,26.909,16.129,20.733,-22.768,16.009,18.309,8.382,0,0,4.157,2.155,1.724,-2.584,-2.736,0.003,0.003,17.581,15.994,16.979,18.395,18.57,18.471,16.802,16.148,16.411,18.277,18.166,18.358,15.91,14.878,14.937,17.064,19.377,3725,0
3760041405,5.824099994,25.795,11.842,13.04,17.739,8.246,12.919,1682.873,0.888,399.58,26.982,14.42,3.616,0,0,0,0,0,5599.754,1.362,0,281.078,12.203,153.246,15.279,141.861,9.922,5.322,27.703,279.114,32.845,5.136,841.051,26.871,16.163,20.728,-22.769,16.009,18.307,8.385,0,0,4.155,2.182,1.715,-2.515,-2.797,0.003,0.003,17.566,15.996,16.973,18.397,18.566,18.488,16.806,16.164,16.422,18.277,18.171,18.358,15.896,14.876,14.935,17.069,19.383,3725,0
3760041407,5.859266663,25.819,11.794,13.04,17.743,8.227,12.919,1673.888,0.881,399.563,26.996,14.419,3.665,0,0,0,0,0,5600.009,1.376,0,281.131,12.183,153.22,15.273,141.975,9.946,5.292,27.714,278.956,32.824,5.103,841.144,26.868,16.15,20.712,-22.77,15.985,18.294,8.347,0,0,4.155,2.162,1.719,-2.732,-2.868,0.003,0.003,17.555,15.995,16.958,18.385,18.565,18.486,16.811,16.156,16.399,18.283,18.159,18.357,15.902,14.894,14.939,17.064,19.365,3725,0
3760041409,5.890266665,25.782,11.811,13.155,17.724,8.255,12.92,1706.011,0.878,399.533,26.991,14.42,3.657,0,0,0,0,0,5601.629,1.373,0,281.398,12.187,153.123,15.3,141.814,9.911,5.353,27.726,278.933,32.82,5.088,841.034,26.876,16.131,20.743,-22.769,15.99,18.296,8.384,0,0,4.16,2.146,1.712,-2.61,-2.743,0.003,0.003,17.531,15.98,16.978,18.394,18.568,18.495,16.831,16.164,16.42,18.287,18.169,18.357,15.908,14.886,14.927,17.063,19.378,3725,0
3760041411,5.91693333,25.825,11.826,13.04,17.716,8.231,12.919,1674.339,0.916,399.567,26.992,14.421,3.572,0,0,0,0,0,5596.338,1.371,0,281.298,12.186,153.147,15.291,141.886,9.927,5.328,27.732,279.199,32.856,5.118,841.13,26.871,16.12,20.732,-22.768,15.958,18.3,8.373,0,0,4.157,2.211,1.714,-2.621,-2.814,0.003,0.003,17.556,15.998,16.994,18.395,18.566,18.461,16.808,16.145,16.407,18.279,18.155,18.351,15.912,14.899,14.938,17.065,19.376,3725,0
3760041413,5.944666664,25.837,11.814,13.039,17.746,8.246,12.918,1703.802,0.879,399.603,27.003,14.419,3.546,0,0,0,0,0,5591.495,1.363,0,281.001,12.199,153.139,15.266,141.883,9.927,5.304,27.724,279.11,32.845,5.115,841.119,26.871,16.106,20.748,-22.769,15.972,18.296,8.369,0,0,4.153,2.153,1.709,-2.681,-2.805,0.003,0.003,17.553,15.998,16.998,18.415,18.562,18.474,16.816,16.148,16.415,18.302,18.154,18.345,15.915,14.9,14.938,17.061,19.362,3725,0
3760041415,5.9807,25.819,11.811,13.04,17.733,8.246,12.919,1714.893,0.913,399.541,26.989,14.42,3.628,0,0,0,0,0,5578.727,1.367,0,281.246,12.188,153.202,15.25,141.676,9.882,5.333,27.751,279.26,32.864,5.107,840.974,26.89,16.145,20.747,-22.768,15.947,18.297,8.416,0,0,4.156,2.188,1.715,-2.669,-2.786,0.003,0.003,17.552,15.993,16.997,18.395,18.581,18.488,16.813,16.142,16.403,18.288,18.16,18.335,15.911,14.887,14.915,17.067,19.364,3725,0
3760041416,6.008716663,25.815,11.833,13.04,17.741,8.234,12.919,1694.173,0.927,399.569,26.989,14.419,3.614,0,0,0,0,0,5585.97,1.357,0,281.055,12.186,153.15,15.284,141.869,9.924,5.325,27.689,278.994,32.829,5.134,841.212,26.897,16.184,20.719,-22.768,15.996,18.282,8.358,0,0,4.155,2.225,1.725,-2.58,-2.84,0.003,0.003,17.558,15.995,16.985,18.37,18.572,18.48,16.825,16.15,16.396,18.283,18.143,18.342,15.915,14.892,14.934,17.066,19.369,3725,0
3760041418,6.036033328,25.811,11.83,13.039,17.727,8.225,12.804,1696.288,0.902,399.548,27.005,14.419,3.535,0,0,0,0,0,5567.231,1.364,0,281.272,12.177,153.14,15.315,141.882,9.926,5.354,27.703,278.87,32.812,5.103,841.012,26.869,16.189,20.731,-22.769,15.977,18.301,8.374,0,0,4.159,2.201,1.714,-2.581,-2.846,0.003,0.003,17.599,15.993,16.997,18.382,18.577,18.483,16.83,16.158,16.423,18.271,18.165,18.377,15.932,14.906,14.947,17.067,19.352,3725,0
3760041420,6.066849995,25.833,11.84,13.156,17.749,8.25,12.841,1705.029,0.904,399.538,26.99,14.42,3.616,0,0,0,0,0,5579.327,1.353,0,281.037,12.176,153.094,15.314,141.903,9.931,5.348,27.708,278.965,32.825,5.111,841.095,26.889,16.2,20.737,-22.769,15.977,18.286,8.355,0,0,4.155,2.196,1.718,-2.58,-2.799,0.003,0.003,17.601,16.002,16.989,18.383,18.588,18.473,16.82,16.16,16.414,18.266,18.167,18.374,15.904,14.888,14.929,17.061,19.369,3725,0
3760041422,6.09866666,25.851,11.818,13.039,17.731,8.237,12.92,1718.906,0.915,399.556,27.006,14.42,3.606,0,0,0,0,0,5561.708,1.346,0,281.154,12.18,153.09,15.341,141.836,9.916,5.39,27.717,279.119,32.846,5.123,841.01,26.855,16.148,20.744,-22.769,15.981,18.307,8.391,0,0,4.157,2.2,1.706,-2.693,-2.816,0.003,0.003,17.607,16.004,16.986,18.396,18.583,18.477,16.81,16.143,16.421,18.27,18.16,18.37,15.911,14.886,14.934,17.066,19.374,3725,0
3760041424,6.127649999,25.827,11.852,13.038,17.704,8.253,12.92,1713.471,0.931,399.573,26.994,14.419,3.588,0,0,0,0,0,5547.563,1.373,0,281.022,12.168,153.11,15.314,141.86,9.922,5.357,27.716,278.924,32.819,5.097,841.06,26.885,16.147,20.75,-22.768,16.008,18.315,8.393,0,0,4.155,2.231,1.713,-2.525,-2.717,0.003,0.003,17.625,15.986,16.993,18.412,18.582,18.497,16.811,16.173,16.433,18.278,18.158,18.375,15.901,14.883,14.931,17.061,19.375,3725,0
