Time elapsed (s),Time Elapsed(min),Tdb_in (C),Twb_in (C),RH_in,Tdb_out (C),Twb_out(C),RH_out(C),Q_dot_air_TriCoil (CFM),dP_nozzle_TriCoil (in W.G.),Pin_nozzle_TriCoil (in W.G),Outdoor Temp (C),Atm Pressure (PSI),Heater Output (kW),FMWP,FMEP,LBWP,LBEP,Steam Humidifier (%),Q_dot_air_wt (CFM),dP_nozzle (in W.G.),Pin_nozzle (PSIG),m_dot_r (kg/h),T_evap_in (C),P_evap_in_coolprop (PSI),T_evap_out (C),P_evap_out (PSIG),T_evap_sat (C),SH (K),T_exv_in (C),P_exv_in (PSIG),T_cond_sat (C),SC (K),m_dot_w (kg/h),T_w_in (C),P_w_in (PSIG),T_w_out (C),dp_w (in W.G.),Water Heater (% of total capacity),T_evap_out_TC (C),SH_TC (K),Water Reverse Flow,TriCoil Refr. Reverse Flow,Q_ref (tons),Q_air (tons),Q_w (tons),Inlet Air Dew Point (C),Outlet Air Dew Point (C),Inlet Air Humdity Ratio (kg/kg),Outlet Air Humidity Ratio (kg/kg),TriCoil Outlet (11),TriCoil Outlet (12),TriCoil Outlet (13),TriCoil Outlet (21),TriCoil Outlet (22),TriCoil Outlet (23),TriCoil Outlet (31),TriCoil Outlet (32),TriCoil Outlet (33),TriCoil Outlet (41),TriCoil Outlet (42),TriCoil Outlet (43),TriCoil Outlet (51),TriCoil Outlet (52),TriCoil Outlet (53) ,TriCoil Outlet (Avg),DB2_TC,,
3760110788,0,20.592,10.065,17.142,30.554,13.131,16.404,1731.332,0.856,400.87,23.414,14.469,0.066,0,1,0,0,0,5903.443,1.428,0,8.332,24.533,222.05,23.632,222.4,24.716,-1.125,24.477,222.41,24.602,0.119,833.862,40.868,17.377,30.201,-22.768,27.681,34.638,9.922,0,1,#NAME?,-2.017,2.951,-1.101,-5.257,0.004,0.002,29.982,31.316,32.093,33.894,34.588,34.811,29.403,29.868,29.575,33.694,34.473,34.536,28.802,29.383,28.828,31.664,29.129,0,0
3760110790,0.029216671,20.624,10.101,17.143,30.535,13.143,16.404,1727.914,0.878,400.909,23.447,14.469,0.039,0,1,0,0,0,5901.876,1.444,0,8.094,24.536,221.975,23.656,222.484,24.73,-1.115,24.462,222.422,24.604,0.136,834.533,40.89,17.316,30.202,-22.767,27.665,34.648,9.918,0,1,#NAME?,-2.025,2.959,-1.032,-5.165,0.004,0.002,29.992,31.319,32.087,33.895,34.602,34.807,29.393,29.867,29.572,33.688,34.466,34.542,28.803,29.402,28.852,31.671,29.13,0,0
3760110792,0.061783338,20.631,10.124,17.142,30.554,13.143,16.404,1750.083,0.875,400.925,23.423,14.467,0.025,0,1,0,0,0,5929.065,1.418,0,7.951,24.523,221.987,23.64,222.391,24.715,-1.117,24.47,222.488,24.615,0.138,833.769,40.855,17.367,30.18,-22.768,27.684,34.641,9.926,0,1,#NAME?,-2.006,2.953,-0.966,-5.196,0.004,0.002,29.974,31.308,32.067,33.885,34.578,34.788,29.39,29.849,29.573,33.689,34.463,34.518,28.781,29.375,28.836,31.665,29.132,0,0
3760110794,0.090499997,20.611,10.105,17.142,30.567,13.133,16.404,1745.884,0.9,400.877,23.444,14.468,0,0,1,0,0,0,4908.4,1.421,0,7.759,24.532,221.908,23.617,222.395,24.716,-1.14,24.44,222.492,24.615,0.169,833.684,40.86,17.325,30.19,-22.767,27.641,34.636,9.921,0,1,-0.001,-2.036,2.951,-0.998,-5.271,0.004,0.002,29.988,31.329,32.106,33.884,34.594,34.786,29.395,29.86,29.569,33.702,34.473,34.525,28.783,29.386,28.84,31.667,29.132,0,0
3760110795,0.120166667,20.597,10.088,17.142,30.555,13.139,16.404,1760.35,0.895,400.887,23.443,14.467,0.011,0,1,0,0,0,4914.546,1.454,0,7.996,24.525,221.967,23.645,222.375,24.712,-1.109,24.465,222.433,24.606,0.134,834.603,40.866,17.371,30.2,-22.768,27.639,34.633,9.92,0,1,#NAME?,-2.047,2.953,-1.035,-5.22,0.004,0.002,29.977,31.324,32.093,33.871,34.581,34.792,29.391,29.853,29.569,33.68,34.46,34.523,28.797,29.374,28.832,31.664,29.129,0,0
3760110797,0.143516668,20.613,10.123,17.142,30.567,13.13,16.404,1760.404,0.912,400.866,23.44,14.468,0.008,0,1,0,0,0,5946.768,1.443,0,7.814,24.521,221.924,23.646,222.379,24.713,-1.109,24.448,222.346,24.592,0.138,834.517,40.871,17.393,30.201,-22.768,27.639,34.625,9.912,0,1,#NAME?,-2.035,2.954,-0.945,-5.282,0.004,0.002,30,31.324,32.103,33.879,34.582,34.79,29.393,29.851,29.578,33.683,34.451,34.526,28.788,29.397,28.836,31.67,29.123,0,0
3760110799,0.181149999,20.588,10.103,17.143,30.532,13.148,16.404,1737.04,0.868,400.885,23.432,14.468,0,0,1,0,0,0,5946.968,1.419,0,8.08,24.524,221.896,23.623,222.38,24.713,-1.132,24.46,222.433,24.606,0.14,833.528,40.854,17.391,30.167,-22.768,27.65,34.627,9.914,0,1,#NAME?,-2.062,2.955,-0.976,-5.132,0.004,0.002,30.005,31.336,32.086,33.889,34.589,34.793,29.397,29.842,29.572,33.682,34.456,34.523,28.786,29.381,28.835,31.663,29.123,0,0
3760110801,0.214016668,20.624,10.086,17.142,30.552,13.118,16.404,1706.518,0.885,400.9,23.47,14.469,0,0,1,0,0,0,4911.364,1.434,0,8.18,24.52,221.915,23.632,222.401,24.717,-1.126,24.433,222.502,24.617,0.177,834.664,40.848,17.353,30.174,-22.768,27.683,34.622,9.905,0,1,-0.001,-2.023,2.955,-1.077,-5.318,0.004,0.002,29.989,31.329,32.089,33.882,34.582,34.795,29.41,29.858,29.563,33.691,34.448,34.528,28.78,29.376,28.835,31.659,29.128,0,0
3760110803,0.249699998,20.609,10.103,17.142,30.533,13.132,16.404,1732.695,0.85,400.925,23.454,14.469,0.03,0,1,0,0,0,5911.202,1.423,0,8.036,24.521,221.887,23.617,222.326,24.705,-1.129,24.447,222.531,24.621,0.168,834.583,40.863,17.379,30.177,-22.768,27.685,34.629,9.924,0,1,-0.001,-1.987,2.958,-1.005,-5.21,0.004,0.002,29.988,31.316,32.075,33.868,34.576,34.786,29.384,29.847,29.563,33.679,34.46,34.517,28.794,29.369,28.82,31.663,29.137,0,0
3760110805,0.282983335,20.626,10.113,17.142,30.566,13.141,16.404,1713.52,0.88,400.907,23.451,14.469,0.039,0,1,0,0,0,5891.629,1.431,0,7.875,24.513,221.897,23.621,222.416,24.719,-1.14,24.449,222.399,24.601,0.145,834.685,40.849,17.388,30.176,-22.769,27.648,34.636,9.916,0,1,-0.001,-2.017,2.955,-0.996,-5.234,0.004,0.002,29.988,31.327,32.075,33.88,34.574,34.781,29.382,29.849,29.56,33.683,34.455,34.521,28.795,29.375,28.82,31.667,29.122,0,0
3760110807,0.319133337,20.595,10.117,17.26,30.556,13.12,16.404,1730.798,0.858,400.925,23.44,14.469,0,0,1,0,0,0,5905.84,1.44,0,8.076,24.528,221.845,23.595,222.303,24.701,-1.147,24.427,222.44,24.607,0.174,834.499,40.841,17.357,30.182,-22.769,27.693,34.645,9.944,0,1,-0.001,-1.977,2.951,-0.939,-5.314,0.004,0.002,29.98,31.311,32.053,33.876,34.57,34.782,29.39,29.846,29.563,33.677,34.45,34.507,28.783,29.374,28.804,31.669,29.135,0,0
3760110809,0.349049997,20.632,10.112,17.143,30.537,13.138,16.404,1739.746,0.878,400.908,23.448,14.468,0.095,0,1,0,0,0,5922.198,1.44,0,8.127,24.527,221.941,23.622,222.404,24.717,-1.136,24.441,222.393,24.6,0.153,833.975,40.853,17.378,30.143,-22.768,27.635,34.628,9.911,0,1,-0.001,-2.014,2.963,-1.006,-5.189,0.004,0.002,29.99,31.318,32.081,33.859,34.583,34.773,29.384,29.863,29.567,33.68,34.46,34.519,28.792,29.374,28.825,31.662,29.122,0,0
3760110811,0.377016671,20.598,10.116,17.142,30.527,13.143,16.404,1711.857,0.888,400.893,23.429,14.467,0.074,0,1,0,0,0,5922.609,1.44,0,8.096,24.531,221.931,23.607,222.341,24.707,-1.142,24.45,222.52,24.62,0.164,834.534,40.825,17.397,30.171,-22.768,27.675,34.617,9.91,0,1,-0.001,-2.025,2.949,-0.947,-5.147,0.004,0.002,29.973,31.296,32.064,33.863,34.576,34.776,29.394,29.858,29.562,33.676,34.453,34.505,28.79,29.369,28.816,31.658,29.126,0,0
3760110812,0.4057,20.584,10.095,17.142,30.566,13.137,16.403,1734.613,0.856,400.868,23.452,14.467,0.09,0,1,0,0,0,5922.541,1.421,0,8.367,24.521,221.959,23.605,222.434,24.722,-1.158,24.435,222.498,24.616,0.175,834.561,40.836,17.356,30.175,-22.768,27.623,34.641,9.919,0,1,-0.001,-2.002,2.951,-0.992,-5.248,0.004,0.002,29.979,31.304,32.07,33.869,34.581,34.772,29.39,29.855,29.558,33.674,34.448,34.51,28.796,29.377,28.82,31.666,29.118,0,0
3760110814,0.434916671,20.636,10.08,17.143,30.567,13.114,16.402,1734.144,0.882,400.87,23.461,14.468,0.103,0,1,0,0,0,4914.587,1.424,0,8.254,24.526,221.894,23.612,222.325,24.705,-1.134,24.43,222.368,24.596,0.159,834.603,40.858,17.386,30.156,-22.768,27.621,34.629,9.925,0,1,-0.001,-2.021,2.963,-1.113,-5.361,0.004,0.002,29.978,31.302,32.076,33.883,34.577,34.775,29.38,29.858,29.559,33.675,34.445,34.506,28.782,29.365,28.8,31.661,29.119,0,0
3760110816,0.464233335,20.603,10.123,17.143,30.562,13.139,16.404,1707.414,0.882,400.894,23.42,14.468,0.235,0,1,0,0,0,5893.989,1.429,0,8.48,24.506,221.928,23.602,222.316,24.703,-1.143,24.436,222.509,24.618,0.176,834.594,40.848,17.388,30.192,-22.768,27.678,34.624,9.921,0,1,-0.001,-2.011,2.95,-0.932,-5.232,0.004,0.002,29.995,31.309,32.093,33.872,34.575,34.777,29.371,29.856,29.579,33.677,34.437,34.517,28.789,29.371,28.828,31.659,29.121,0,0
3760110818,0.496916668,20.615,10.098,17.142,30.546,13.141,16.405,1747.29,0.851,400.893,23.436,14.469,0.117,0,1,0,0,0,5902.833,1.429,0,8.693,24.533,221.799,23.623,222.496,24.732,-1.15,24.436,222.277,24.581,0.139,834.644,40.837,17.396,30.175,-22.768,27.651,34.635,9.903,0,1,#NAME?,-1.998,2.952,-1.03,-5.193,0.004,0.002,29.981,31.315,32.059,33.872,34.576,34.793,29.364,29.85,29.562,33.671,34.439,34.506,28.79,29.356,28.808,31.663,29.118,0,0
3760110820,0.531333335,20.595,10.071,17.142,30.547,13.126,16.404,1729.424,0.897,400.925,23.434,14.468,0.136,0,1,0,0,0,5902.713,1.419,0,8.731,24.531,221.969,23.632,222.373,24.712,-1.121,24.436,222.502,24.617,0.175,834.25,40.837,17.384,30.165,-22.768,27.741,34.638,9.926,0,1,-0.001,-2.051,2.953,-1.084,-5.268,0.004,0.002,29.971,31.309,32.066,33.859,34.571,34.774,29.376,29.846,29.57,33.668,34.434,34.5,28.776,29.357,28.814,31.661,29.119,0,0
3760110821,0.55401667,20.621,10.098,17.141,30.565,13.12,16.404,1729.512,0.876,400.895,23.416,14.467,0.102,0,1,0,0,0,4910.45,1.461,0,8.701,24.526,221.955,23.628,222.419,24.72,-1.133,24.436,222.378,24.597,0.155,834.542,40.873,17.368,30.161,-22.768,27.71,34.631,9.912,0,1,-0.001,-2.008,2.966,-1.033,-5.329,0.004,0.002,29.968,31.324,32.086,33.866,34.569,34.775,29.368,29.847,29.562,33.674,34.441,34.498,28.782,29.365,28.82,31.662,29.11,0,0
3760110823,0.583650001,20.592,10.116,17.143,30.524,13.135,16.403,1732.129,0.832,400.868,23.405,14.468,0.065,0,1,0,0,0,4910.628,1.416,0,8.737,24.531,221.93,23.605,222.4,24.716,-1.152,24.453,222.402,24.601,0.142,834.456,40.862,17.336,30.196,-22.768,27.692,34.612,9.896,0,1,#NAME?,-2.007,2.953,-0.937,-5.177,0.004,0.002,29.962,31.317,32.076,33.882,34.582,34.778,29.381,29.86,29.567,33.69,34.447,34.509,28.772,29.362,28.819,31.652,29.122,0,0
3760110825,0.612316664,20.602,10.132,17.143,30.532,13.152,16.404,1735.901,0.879,400.881,23.435,14.468,0.081,0,1,0,0,0,4904.925,1.421,0,8.447,24.537,221.96,23.631,222.387,24.714,-1.125,24.431,222.394,24.6,0.163,834.51,40.832,17.385,30.162,-22.768,27.766,34.631,9.916,0,1,-0.001,-2.012,2.953,-0.903,-5.114,0.004,0.003,29.977,31.311,32.08,33.876,34.589,34.782,29.38,29.859,29.569,33.674,34.457,34.501,28.782,29.364,28.827,31.664,29.128,0,0
3760110827,0.640300004,20.6,10.063,17.142,30.568,13.116,16.404,1725.497,0.884,400.887,23.438,14.467,0.041,0,1,0,0,0,4914.502,1.435,0,9.068,24.529,221.995,23.611,222.387,24.714,-1.145,24.422,222.446,24.608,0.179,834.33,40.835,17.36,30.167,-22.768,27.736,34.64,9.926,0,1,-0.001,-2.035,2.952,-1.115,-5.353,0.004,0.002,29.985,31.308,32.068,33.856,34.576,34.772,29.37,29.841,29.555,33.653,34.44,34.507,28.79,29.383,28.831,31.663,29.143,0,0
3760110829,0.67335,20.608,10.129,17.142,30.55,13.142,16.404,1734.627,0.872,400.855,23.43,14.466,0.003,0,1,0,0,0,5915.225,1.436,0,9.059,24.523,221.95,23.624,222.438,24.722,-1.139,24.436,222.455,24.609,0.167,833.713,40.88,17.347,30.179,-22.769,27.736,34.646,9.924,0,1,-0.001,-1.999,2.959,-0.918,-5.191,0.004,0.002,29.979,31.316,32.063,33.872,34.565,34.77,29.371,29.843,29.551,33.667,34.429,34.495,28.771,29.361,28.813,31.673,29.124,0,0
3760110830,0.696849998,20.626,10.081,17.143,30.554,13.127,16.404,1699.765,0.882,400.836,23.45,14.467,0.051,0,1,0,0,0,5915.498,1.446,0,9.019,24.527,221.913,23.601,222.444,24.723,-1.164,24.439,222.508,24.617,0.172,834.095,40.86,17.371,30.173,-22.769,27.714,34.63,9.907,0,1,-0.001,-2.03,2.957,-1.096,-5.271,0.004,0.002,29.98,31.313,32.079,33.869,34.57,34.773,29.378,29.848,29.573,33.682,34.453,34.508,28.783,29.375,28.812,31.662,29.126,0,0
3760110832,0.724566666,20.61,10.07,17.143,30.558,13.118,16.404,1712.019,0.842,400.862,23.426,14.469,0.041,0,1,0,0,0,5933.372,1.442,0,8.986,24.52,221.934,23.633,222.41,24.718,-1.127,24.451,222.251,24.577,0.12,834.638,40.856,17.386,30.18,-22.768,27.74,34.64,9.922,0,1,#NAME?,-1.99,2.956,-1.109,-5.326,0.004,0.002,29.968,31.305,32.08,33.861,34.573,34.763,29.375,29.852,29.56,33.66,34.441,34.507,28.786,29.37,28.813,31.662,29.131,0,0
3760110833,0.753516666,20.593,10.106,17.143,30.558,13.145,16.403,1721.699,0.856,400.908,23.449,14.466,0,0,1,0,0,0,5926.681,1.463,0,8.95,24.515,221.889,23.618,222.403,24.717,-1.141,24.435,222.44,24.607,0.166,834.431,40.866,17.37,30.164,-22.768,27.74,34.628,9.911,0,1,-0.001,-2,2.962,-0.968,-5.191,0.004,0.002,29.973,31.304,32.077,33.863,34.563,34.763,29.381,29.845,29.563,33.667,34.436,34.502,28.777,29.366,28.809,31.659,29.121,0,0
3760110835,0.78695,20.579,10.104,17.142,30.549,13.122,16.405,1736.144,0.867,400.843,23.463,14.467,0,0,1,0,0,0,5963.121,1.431,0,8.813,24.52,221.858,23.627,222.356,24.709,-1.124,24.443,222.435,24.606,0.156,833.676,40.843,17.413,30.156,-22.769,27.739,34.635,9.926,0,1,-0.001,-1.997,2.955,-0.959,-5.287,0.004,0.002,29.975,31.301,32.058,33.875,34.574,34.774,29.384,29.85,29.561,33.683,34.447,34.501,28.778,29.364,28.816,31.663,29.114,0,0
3760110837,0.814566668,20.623,10.094,17.142,30.584,13.119,16.403,1719.205,0.884,400.875,23.419,14.467,0.091,0,1,0,0,0,5906.419,1.431,0,9.107,24.518,221.889,23.619,222.452,24.725,-1.147,24.413,222.443,24.607,0.188,834.536,40.853,17.387,30.143,-22.768,27.724,34.609,9.884,0,1,-0.001,-2.018,2.965,-1.052,-5.369,0.004,0.002,29.97,31.296,32.054,33.874,34.579,34.772,29.383,29.852,29.555,33.666,34.45,34.503,28.773,29.371,28.813,31.655,29.114,0,0
3760110839,0.847499998,20.587,10.064,17.142,30.528,13.14,16.404,1736.798,0.864,400.875,23.396,14.468,0,0,1,0,0,0,5906.961,1.449,0,8.74,24.535,221.879,23.619,222.419,24.719,-1.142,24.404,222.477,24.613,0.202,833.799,40.852,17.411,30.178,-22.768,27.689,34.611,9.892,0,1,-0.001,-2.033,2.952,-1.098,-5.164,0.004,0.002,29.969,31.296,32.067,33.868,34.58,34.764,29.381,29.847,29.552,33.675,34.443,34.511,28.781,29.379,28.811,31.66,29.103,0,0
3760110841,0.883,20.616,10.099,17.142,30.565,13.143,16.404,1729.61,0.885,400.893,23.454,14.468,0.093,0,1,0,0,0,5937.517,1.425,0,9.016,24.519,221.983,23.622,222.337,24.707,-1.126,24.429,222.353,24.593,0.158,834.616,40.848,17.359,30.169,-22.768,27.74,34.596,9.89,0,1,-0.001,-2.032,2.956,-1.025,-5.219,0.004,0.002,29.967,31.289,32.065,33.864,34.56,34.751,29.365,29.833,29.552,33.661,34.424,34.492,28.778,29.368,28.809,31.656,29.123,0,0
3760110843,0.912050001,20.631,10.109,17.143,30.568,13.109,16.404,1734.761,0.876,400.882,23.44,14.467,0.1,0,1,0,0,0,5896.094,1.426,0,8.684,24.516,221.881,23.612,222.391,24.715,-1.144,24.461,222.388,24.599,0.132,833.686,40.852,17.416,30.178,-22.768,27.734,34.624,9.909,0,1,#NAME?,-1.993,2.952,-1.015,-5.386,0.004,0.002,29.991,31.312,32.08,33.864,34.572,34.764,29.379,29.844,29.552,33.676,34.443,34.506,28.788,29.371,28.822,31.661,29.119,0,0
3760110845,0.942066669,20.597,10.114,17.142,30.558,13.152,16.404,1716.788,0.882,400.876,23.448,14.467,0.061,0,1,0,0,0,5898.324,1.429,0,8.754,24.53,221.866,23.599,222.358,24.71,-1.152,24.426,222.423,24.604,0.172,834.304,40.819,17.377,30.175,-22.768,27.725,34.609,9.899,0,1,-0.001,-2.027,2.946,-0.952,-5.164,0.004,0.002,29.981,31.308,32.052,33.87,34.57,34.77,29.399,29.836,29.557,33.676,34.452,34.505,28.782,29.377,28.816,31.662,29.114,0,0
3760110846,0.970666671,20.598,10.121,17.142,30.531,13.154,16.404,1712.48,0.862,400.879,23.436,14.467,0.129,0,1,0,0,0,5903.425,1.448,0,8.758,24.523,221.952,23.626,222.387,24.714,-1.129,24.427,222.429,24.605,0.172,834.612,40.814,17.409,30.162,-22.768,27.716,34.603,9.889,0,1,-0.001,-2.003,2.949,-0.932,-5.098,0.004,0.003,29.996,31.311,32.061,33.874,34.581,34.785,29.401,29.846,29.565,33.692,34.458,34.533,28.778,29.382,28.825,31.654,29.125,0,0
3760110848,1.005066665,20.595,10.052,17.143,30.537,13.128,16.404,1721.322,0.857,400.864,23.445,14.467,0.081,0,1,0,0,0,5937.316,1.45,0,8.33,24.516,221.908,23.61,222.429,24.721,-1.152,24.444,222.378,24.597,0.147,833.633,40.816,17.441,30.163,-22.768,27.742,34.611,9.89,0,1,-0.001,-2.024,2.946,-1.144,-5.234,0.004,0.002,29.975,31.307,32.069,33.858,34.574,34.772,29.385,29.844,29.552,33.676,34.442,34.514,28.772,29.363,28.824,31.655,29.1,0,0
3760110850,1.033283337,20.596,10.066,17.141,30.561,13.123,16.404,1703.471,0.867,400.851,23.44,14.469,0.12,0,1,0,0,0,5939.916,1.448,0,8.368,24.516,221.867,23.601,222.359,24.71,-1.151,24.427,222.419,24.603,0.17,834.269,40.864,17.447,30.176,-22.767,27.751,34.605,9.895,0,1,-0.001,-2.021,2.958,-1.103,-5.311,0.004,0.002,29.981,31.292,32.039,33.872,34.572,34.785,29.391,29.85,29.557,33.693,34.451,34.493,28.771,29.369,28.811,31.646,29.111,0,0
3760110852,1.061083333,20.574,10.117,17.143,30.537,13.122,16.403,1740.35,0.847,400.918,23.41,14.468,0.167,0,1,0,0,0,5936.55,1.431,0,8.206,24.517,221.866,23.623,222.413,24.719,-1.137,24.438,222.351,24.593,0.149,833.537,40.846,17.385,30.164,-22.768,27.728,34.619,9.9,0,1,-0.001,-1.967,2.954,-0.91,-5.266,0.004,0.002,29.969,31.304,32.06,33.866,34.571,34.769,29.38,29.844,29.556,33.676,34.44,34.501,28.763,29.368,28.817,31.649,29.114,0,0
3760110854,1.095816668,20.617,10.096,17.143,30.541,13.127,16.404,1723.443,0.889,400.89,23.433,14.469,0.115,0,1,0,0,0,5906.099,1.43,0,8.18,24.509,221.869,23.625,222.441,24.723,-1.14,24.444,222.324,24.589,0.138,833.818,40.846,17.371,30.145,-22.768,27.75,34.61,9.887,0,1,#NAME?,-2.027,2.96,-1.038,-5.252,0.004,0.002,29.976,31.306,32.066,33.874,34.576,34.775,29.381,29.843,29.55,33.667,34.447,34.504,28.774,29.384,28.819,31.654,29.116,0,0
3760110856,1.124183337,20.624,10.089,17.142,30.543,13.124,16.403,1743.61,0.87,400.91,23.443,14.467,0.1,0,1,0,0,0,5904.86,1.449,0,8.551,24.506,221.817,23.596,222.397,24.716,-1.161,24.422,222.336,24.591,0.163,834.322,40.864,17.377,30.186,-22.768,27.761,34.618,9.902,0,1,-0.001,-2.009,2.955,-1.066,-5.267,0.004,0.002,29.977,31.314,32.063,33.853,34.573,34.761,29.367,29.83,29.541,33.662,34.421,34.495,28.767,29.381,28.828,31.648,29.12,0,0
3760110857,1.153099998,20.633,10.124,17.142,30.559,13.127,16.404,1720.944,0.893,400.86,23.427,14.467,0.073,0,1,0,0,0,5938.756,1.441,0,8.181,24.514,221.8,23.621,222.405,24.717,-1.137,24.457,222.397,24.6,0.137,833.625,40.858,17.391,30.167,-22.768,27.761,34.625,9.908,0,1,#NAME?,-2.013,2.956,-0.97,-5.282,0.004,0.002,29.97,31.303,32.06,33.874,34.567,34.772,29.379,29.848,29.555,33.66,34.423,34.511,28.775,29.38,28.82,31.648,29.108,0,0
3760110859,1.188633331,20.593,10.055,17.144,30.544,13.121,16.404,1753.298,0.866,400.854,23.442,14.468,0,0,1,0,0,0,5925.075,1.449,0,8.204,24.514,221.852,23.611,222.285,24.698,-1.129,24.439,222.344,24.592,0.146,834.546,40.858,17.401,30.167,-22.768,27.744,34.62,9.922,0,1,-0.001,-2.026,2.96,-1.133,-5.288,0.004,0.002,29.981,31.313,32.073,33.858,34.561,34.748,29.374,29.822,29.542,33.649,34.408,34.511,28.784,29.389,28.824,31.647,29.118,0,0
3760110861,1.218216666,20.56,10.101,17.143,30.544,13.126,16.404,1716.44,0.904,400.885,23.41,14.469,0.085,0,1,0,0,0,5938.62,1.47,0,8.275,24.515,221.853,23.611,222.399,24.716,-1.146,24.403,222.507,24.618,0.208,834.633,40.892,17.365,30.175,-22.767,27.787,34.637,9.921,0,1,-0.001,-2.039,2.967,-0.943,-5.261,0.004,0.002,29.99,31.3,32.061,33.872,34.575,34.764,29.383,29.839,29.546,33.668,34.435,34.498,28.777,29.38,28.823,31.66,29.106,0,0
3760110863,1.253450004,20.59,10.088,17.143,30.545,13.113,16.404,1726.831,0.862,400.916,23.442,14.467,0.066,0,1,0,0,0,5974.87,1.464,0,8.602,24.506,221.858,23.592,222.284,24.698,-1.148,24.433,222.375,24.597,0.158,834.63,40.882,17.372,30.125,-22.768,27.772,34.631,9.933,0,1,-0.001,-1.995,2.978,-1.023,-5.322,0.004,0.002,29.998,31.307,32.07,33.867,34.565,34.762,29.377,29.84,29.554,33.659,34.42,34.505,28.785,29.395,28.828,31.654,29.128,0,0
3760110865,1.281750003,20.593,10.099,17.142,30.549,13.139,16.404,1740.499,0.873,400.869,23.429,14.468,0,0,1,0,0,0,5965.682,1.421,0,8.725,24.508,221.803,23.612,222.318,24.703,-1.133,24.432,222.376,24.597,0.159,834.51,40.889,17.365,30.178,-22.768,27.754,34.654,9.95,0,1,-0.001,-2.018,2.965,-0.993,-5.207,0.004,0.002,29.991,31.307,32.071,33.843,34.564,34.765,29.371,29.82,29.548,33.651,34.415,34.495,28.789,29.37,28.813,31.664,29.123,0,0
3760110867,1.311199999,20.614,10.085,17.142,30.555,13.125,16.404,1697.636,0.889,400.884,23.431,14.468,0,0,1,0,0,0,4913.657,1.424,0,8.226,24.505,221.818,23.62,222.369,24.712,-1.133,24.439,222.489,24.615,0.169,833.822,40.863,17.373,30.141,-22.768,27.771,34.632,9.92,0,1,-0.001,-2.033,2.966,-1.066,-5.288,0.004,0.002,29.985,31.294,32.044,33.858,34.572,34.762,29.378,29.834,29.552,33.67,34.423,34.491,28.786,29.363,28.816,31.652,29.121,0,0
3760110869,1.340033333,20.59,10.107,17.143,30.539,13.144,16.405,1737.479,0.84,400.895,23.427,14.466,0,0,1,0,0,0,5894.824,1.431,0,8.288,24.526,221.796,23.609,222.387,24.714,-1.146,24.44,222.409,24.602,0.156,834.658,40.883,17.424,30.141,-22.767,27.771,34.637,9.923,0,1,-0.001,-1.982,2.974,-0.961,-5.16,0.004,0.002,29.978,31.285,32.046,33.848,34.545,34.753,29.362,29.822,29.539,33.654,34.417,34.495,28.779,29.37,28.796,31.664,29.124,0,0
3760110871,1.375300002,20.588,10.107,17.143,30.567,13.121,16.403,1741.333,0.885,400.845,23.426,14.468,0.015,0,1,0,0,0,5906.43,1.425,0,8.134,24.515,221.93,23.599,222.264,24.695,-1.137,24.434,222.452,24.609,0.168,834.653,40.872,17.391,30.164,-22.768,27.771,34.635,9.94,0,1,-0.001,-2.012,2.964,-0.962,-5.333,0.004,0.002,29.977,31.286,32.039,33.858,34.55,34.753,29.374,29.83,29.551,33.663,34.431,34.491,28.776,29.361,28.8,31.659,29.128,0,0
3760110873,1.41026667,20.579,10.088,17.143,30.544,13.151,16.404,1718.725,0.89,400.903,23.435,14.467,0.061,0,1,0,0,0,5896.346,1.446,0,8.297,24.517,221.857,23.615,222.438,24.723,-1.149,24.419,222.391,24.599,0.174,834.305,40.899,17.401,30.14,-22.768,27.733,34.626,9.904,0,1,-0.001,-2.051,2.978,-1.008,-5.136,0.004,0.002,29.977,31.297,32.058,33.858,34.561,34.754,29.381,29.829,29.543,33.662,34.422,34.501,28.769,29.379,28.814,31.658,29.123,0,0
3760110875,1.439383332,20.594,10.079,17.143,30.534,13.122,16.403,1697.728,0.864,400.86,23.423,14.467,0.029,0,1,0,0,0,5933.223,1.456,0,8.19,24.513,221.867,23.604,222.354,24.709,-1.146,24.425,222.472,24.612,0.18,834.373,40.893,17.392,30.161,-22.768,27.78,34.647,9.938,0,1,-0.001,-2.01,2.971,-1.058,-5.258,0.004,0.002,29.966,31.291,32.041,33.859,34.564,34.756,29.363,29.829,29.539,33.667,34.43,34.493,28.759,29.363,28.806,31.666,29.118,0,0
3760110876,1.469066668,20.615,10.08,17.143,30.564,13.145,16.404,1721.517,0.84,400.862,23.424,14.466,0.023,0,1,0,0,0,5950.675,1.424,0,8.282,24.52,221.846,23.599,222.314,24.703,-1.145,24.412,222.388,24.599,0.181,834.52,40.905,17.423,30.169,-22.768,27.776,34.642,9.939,0,1,-0.001,-2,2.972,-1.082,-5.201,0.004,0.002,29.966,31.277,32.04,33.872,34.57,34.767,29.37,29.824,29.539,33.671,34.437,34.484,28.759,29.351,28.799,31.664,29.123,0,0
3760110878,1.498033333,20.619,10.101,17.143,30.552,13.129,16.404,1749.111,0.867,400.846,23.405,14.468,0,0,1,0,0,0,5894.482,1.428,0,8.172,24.514,221.889,23.587,222.458,24.725,-1.179,24.435,222.475,24.612,0.171,833.665,40.887,17.365,30.144,-22.768,27.709,34.63,9.904,0,1,-0.001,-2.004,2.971,-1.024,-5.259,0.004,0.002,29.965,31.279,32.023,33.879,34.556,34.753,29.367,29.833,29.54,33.663,34.432,34.485,28.775,29.356,28.796,31.661,29.121,0,0
3760110880,1.526483337,20.579,10.099,17.143,30.535,13.129,16.404,1728.417,0.899,400.885,23.441,14.468,0.009,0,1,0,0,0,5901.35,1.423,0,8.163,24.508,221.852,23.593,222.362,24.71,-1.159,24.438,222.386,24.598,0.154,834.553,40.915,17.332,30.175,-22.768,27.738,34.634,9.924,0,1,-0.001,-2.037,2.973,-0.974,-5.229,0.004,0.002,29.983,31.306,32.048,33.878,34.566,34.765,29.368,29.833,29.545,33.673,34.449,34.504,28.783,29.383,28.814,31.665,29.121,0,0
3760110882,1.561966666,20.629,10.08,17.143,30.56,13.134,16.404,1717.463,0.875,400.891,23.418,14.467,0.098,0,1,0,0,0,5892.369,1.426,0,8.205,24.52,221.815,23.595,222.301,24.701,-1.147,24.41,222.339,24.591,0.175,834.659,40.881,17.427,30.175,-22.768,27.745,34.642,9.941,0,1,-0.001,-2.028,2.964,-1.1,-5.25,0.004,0.002,29.98,31.293,32.047,33.864,34.561,34.766,29.35,29.826,29.526,33.663,34.443,34.511,28.782,29.371,28.821,31.664,29.128,0,0
3760110884,1.591300003,20.603,10.083,17.141,30.567,13.124,16.404,1715.148,0.862,400.871,23.437,14.467,0,0,1,0,0,0,5897.439,1.412,0,8.19,24.526,221.887,23.615,222.332,24.706,-1.132,24.447,222.402,24.601,0.148,834.347,40.901,17.365,30.167,-22.769,27.73,34.642,9.937,0,1,-0.001,-2.006,2.971,-1.056,-5.313,0.004,0.002,29.974,31.288,32.035,33.895,34.577,34.779,29.391,29.852,29.547,33.686,34.466,34.507,28.774,29.375,28.812,31.674,29.128,0,0
3760110886,1.624650002,20.626,10.078,17.142,30.551,13.151,16.404,1702.249,0.86,400.861,23.443,14.468,0.017,0,1,0,0,0,4899.779,1.413,0,8.178,24.508,221.926,23.605,222.35,24.708,-1.145,24.409,222.384,24.598,0.183,833.558,40.903,17.365,30.18,-22.769,27.764,34.649,9.94,0,1,-0.001,-2.026,2.965,-1.105,-5.156,0.004,0.002,29.964,31.283,32.032,33.875,34.568,34.769,29.376,29.835,29.538,33.67,34.444,34.483,28.765,29.366,28.807,31.68,29.129,0,0
3760110888,1.661933335,20.596,10.136,17.142,30.543,13.15,16.404,1726.935,0.845,400.883,23.425,14.467,0.002,0,1,0,0,0,4900.571,1.44,0,8.364,24.517,221.813,23.582,222.327,24.705,-1.164,24.428,222.417,24.603,0.169,833.773,40.903,17.384,30.18,-22.767,27.749,34.646,9.941,0,1,-0.001,-1.973,2.965,-0.882,-5.143,0.004,0.002,29.981,31.293,32.052,33.883,34.578,34.774,29.376,29.839,29.549,33.678,34.449,34.515,28.784,29.377,28.827,31.669,29.138,0,0
3760110890,1.697333336,20.606,10.074,17.142,30.569,13.14,16.405,1712.548,0.873,400.86,23.452,14.467,0,0,1,0,0,0,5921.881,1.444,0,8.281,24.517,221.871,23.561,222.314,24.703,-1.183,24.418,222.407,24.602,0.178,834.503,40.903,17.386,30.18,-22.769,27.757,34.643,9.941,0,1,-0.001,-2.035,2.968,-1.088,-5.236,0.004,0.002,29.966,31.283,32.044,33.882,34.576,34.781,29.38,29.842,29.543,33.67,34.447,34.516,28.772,29.373,28.819,31.676,29.141,0,0
3760110892,1.726800005,20.624,10.078,17.142,30.589,13.119,16.404,1733.226,0.857,400.856,23.407,14.466,0.078,0,1,0,0,0,5930.864,1.43,0,8.381,24.497,221.87,23.573,222.269,24.695,-1.164,24.415,222.364,24.595,0.174,834.549,40.9,17.418,30.191,-22.769,27.752,34.642,9.947,0,1,-0.001,-2,2.965,-1.1,-5.377,0.004,0.002,29.974,31.288,32.038,33.883,34.582,34.773,29.365,29.832,29.551,33.671,34.438,34.504,28.785,29.368,28.815,31.673,29.126,0,0
3760110893,1.754616666,20.619,10.083,17.142,30.568,13.144,16.404,1744.551,0.88,400.837,23.439,14.467,0.046,0,1,0,0,0,5905.24,1.432,0,8.103,24.509,221.747,23.589,222.323,24.704,-1.156,24.425,222.392,24.599,0.168,833.281,40.909,17.387,30.177,-22.768,27.801,34.643,9.939,0,1,-0.001,-2.039,2.966,-1.08,-5.22,0.004,0.002,29.972,31.296,32.04,33.89,34.587,34.781,29.375,29.845,29.55,33.68,34.459,34.528,28.782,29.379,28.83,31.678,29.133,0,0
3760110895,1.784916671,20.573,10.072,17.143,30.543,13.13,16.404,1703.685,0.893,400.87,23.406,14.468,0.002,0,1,0,0,0,5909.284,1.431,0,8.451,24.503,221.821,23.575,222.431,24.721,-1.188,24.427,222.426,24.605,0.171,834.187,40.907,17.347,30.175,-22.768,27.802,34.648,9.926,0,1,-0.001,-2.05,2.97,-1.052,-5.239,0.004,0.002,29.988,31.297,32.036,33.882,34.574,34.778,29.369,29.834,29.548,33.666,34.454,34.531,28.788,29.387,28.825,31.679,29.132,0,0
3760110897,1.813200005,20.581,10.097,17.142,30.546,13.123,16.403,1728.46,0.847,400.894,23.437,14.467,0,0,1,0,0,0,5906.401,1.426,0,8.592,24.511,221.786,23.602,222.302,24.701,-1.14,24.394,222.387,24.599,0.198,834.598,40.917,17.36,30.193,-22.768,27.811,34.65,9.949,0,1,-0.001,-1.981,2.969,-0.981,-5.279,0.004,0.002,29.981,31.292,32.043,33.874,34.576,34.778,29.383,29.833,29.543,33.668,34.442,34.526,28.777,29.373,28.824,31.678,29.13,0,0
3760110899,1.841833337,20.597,10.075,17.142,30.555,13.116,16.404,1741.486,0.875,400.877,23.435,14.467,0,0,1,0,0,0,5897.974,1.422,0,8.182,24.508,221.833,23.608,222.344,24.708,-1.14,24.392,222.403,24.601,0.202,834.269,40.915,17.426,30.145,-22.769,27.737,34.649,9.941,0,1,-0.001,-2.019,2.981,-1.073,-5.327,0.004,0.002,29.977,31.302,32.058,33.88,34.575,34.776,29.385,29.844,29.555,33.683,34.446,34.527,28.779,29.374,28.82,31.679,29.126,0,0
3760110901,1.877133338,20.624,10.123,17.143,30.569,13.15,16.404,1722.688,0.89,400.878,23.43,14.467,0.063,0,1,0,0,0,5891.497,1.429,0,7.785,24.506,221.812,23.607,222.422,24.72,-1.154,24.44,222.288,24.583,0.137,834.538,40.894,17.371,30.207,-22.77,27.763,34.659,9.939,0,1,#NAME?,-2.027,2.958,-0.959,-5.189,0.004,0.002,29.976,31.286,32.046,33.884,34.579,34.785,29.382,29.844,29.56,33.675,34.454,34.521,28.781,29.371,28.822,31.684,29.126,0,0
3760110903,1.913516665,20.614,10.123,17.143,30.549,13.128,16.403,1711.063,0.868,400.859,23.453,14.468,0,0,1,0,0,0,5903.245,1.434,0,8.168,24.507,221.8,23.573,222.314,24.703,-1.171,24.434,222.378,24.597,0.157,833.817,40.891,17.381,30.176,-22.768,27.764,34.655,9.952,0,1,-0.001,-1.989,2.964,-0.946,-5.263,0.004,0.002,29.987,31.309,32.064,33.891,34.581,34.785,29.39,29.856,29.563,33.689,34.454,34.533,28.781,29.386,28.845,31.679,29.12,0,0
3760110905,1.942200001,20.61,10.074,17.142,30.542,13.143,16.404,1700.718,0.855,400.884,23.42,14.465,0.102,0,1,0,0,0,5912.229,1.405,0,8.125,24.5,221.811,23.573,222.384,24.714,-1.182,24.414,222.325,24.589,0.169,833.727,40.895,17.379,30.168,-22.767,27.737,34.653,9.939,0,1,-0.001,-2.018,2.967,-1.093,-5.171,0.004,0.002,29.986,31.321,32.08,33.891,34.584,34.79,29.391,29.85,29.562,33.7,34.461,34.537,28.804,29.396,28.847,31.683,29.12,0,0
3760110906,1.970700002,20.586,10.121,17.142,30.56,13.145,16.405,1749.699,0.843,400.824,23.43,14.466,0.129,0,1,0,0,0,4887.711,1.416,0,8.171,24.499,221.763,23.565,222.212,24.686,-1.163,24.442,222.4,24.6,0.152,834.57,40.917,17.407,30.19,-22.768,27.746,34.651,9.965,0,1,-0.001,-1.978,2.97,-0.915,-5.197,0.004,0.002,29.971,31.303,32.052,33.876,34.578,34.791,29.387,29.849,29.561,33.681,34.458,34.53,28.794,29.379,28.82,31.676,29.122,0,0
3760110908,2.00236667,20.617,10.072,17.143,30.579,13.129,16.405,1739.586,0.899,400.844,23.435,14.465,0.016,0,1,0,0,0,4906.513,1.434,0,7.866,24.507,221.761,23.573,222.319,24.703,-1.172,24.415,222.403,24.601,0.179,835.131,40.889,17.383,30.167,-22.768,27.746,34.643,9.939,0,1,-0.001,-2.055,2.97,-1.109,-5.305,0.004,0.002,29.991,31.308,32.069,33.881,34.582,34.796,29.391,29.854,29.566,33.701,34.455,34.518,28.799,29.392,28.837,31.677,29.112,0,0
3760110910,2.032466666,20.6,10.11,17.143,30.564,13.144,16.404,1717.469,0.888,400.823,23.415,14.466,0,0,1,0,0,0,5913.992,1.42,0,7.656,24.503,221.811,23.586,222.291,24.699,-1.154,24.435,222.263,24.579,0.138,834.578,40.935,17.377,30.178,-22.768,27.695,34.646,9.947,0,1,#NAME?,-2.029,2.978,-0.967,-5.208,0.004,0.002,29.984,31.307,32.078,33.887,34.589,34.794,29.393,29.845,29.57,33.699,34.454,34.516,28.788,29.376,28.817,31.669,29.121,0,0
3760110912,2.06875,20.594,10.066,17.142,30.559,13.14,16.405,1724.407,0.862,400.838,23.465,14.466,0.094,0,1,0,0,0,4912.905,1.438,0,7.954,24.507,221.786,23.599,222.353,24.709,-1.151,24.425,222.323,24.588,0.157,834.503,40.915,17.382,30.167,-22.767,27.709,34.654,9.945,0,1,-0.001,-2.029,2.975,-1.098,-5.217,0.004,0.002,29.987,31.324,32.08,33.898,34.592,34.789,29.377,29.846,29.576,33.691,34.455,34.537,28.799,29.386,28.84,31.679,29.12,0,0
3760110914,2.098000002,20.602,10.121,17.143,30.558,13.152,16.404,1738.835,0.87,400.845,23.447,14.467,0,0,1,0,0,0,5919.63,1.444,0,8.183,24.511,221.809,23.58,222.403,24.717,-1.178,24.412,222.285,24.582,0.164,834.641,40.922,17.424,30.183,-22.768,27.697,34.66,9.943,0,1,-0.001,-2.01,2.973,-0.936,-5.162,0.004,0.002,29.985,31.315,32.076,33.883,34.591,34.791,29.397,29.853,29.571,33.704,34.46,34.532,28.801,29.397,28.829,31.679,29.124,0,0
3760110916,2.127833335,20.616,10.091,17.143,30.561,13.126,16.404,1737.984,0.887,400.869,23.432,14.466,0.154,0,1,0,0,0,5929.192,1.424,0,7.629,24.491,221.833,23.589,222.299,24.7,-1.153,24.414,222.343,24.591,0.172,833.819,40.884,17.407,30.179,-22.769,27.736,34.653,9.952,0,1,-0.001,-2.028,2.961,-1.049,-5.286,0.004,0.002,29.978,31.314,32.079,33.898,34.59,34.795,29.398,29.847,29.572,33.704,34.462,34.538,28.79,29.378,28.826,31.681,29.121,0,0
3760110918,2.157633336,20.603,10.08,17.143,30.542,13.139,16.404,1704.443,0.886,400.838,23.431,14.466,0.016,0,1,0,0,0,5894.06,1.422,0,8.137,24.511,221.709,23.563,222.324,24.704,-1.183,24.417,222.353,24.593,0.169,834.463,40.922,17.336,30.182,-22.768,27.705,34.645,9.941,0,1,-0.001,-2.043,2.973,-1.064,-5.191,0.004,0.002,29.986,31.303,32.088,33.888,34.595,34.8,29.393,29.859,29.575,33.713,34.461,34.539,28.78,29.383,28.83,31.672,29.116,0,0
3760110920,2.194250003,20.639,10.073,17.143,30.586,13.139,16.405,1701.393,0.848,400.838,23.446,14.466,0.115,0,1,0,0,0,5891.481,1.426,0,7.656,24.502,221.832,23.588,222.338,24.706,-1.16,24.445,222.279,24.581,0.13,834.626,40.911,17.321,30.197,-22.768,27.704,34.632,9.926,0,1,#NAME?,-2.008,2.966,-1.138,-5.272,0.004,0.002,29.99,31.317,32.103,33.889,34.6,34.797,29.391,29.855,29.567,33.705,34.471,34.548,28.791,29.396,28.836,31.673,29.141,0,0
3760110922,2.228733333,20.601,10.083,17.143,30.556,13.13,16.403,1701.09,0.844,400.831,23.398,14.467,0.06,0,1,0,0,0,5898.712,1.418,0,7.675,24.503,221.781,23.577,222.269,24.695,-1.16,24.423,222.294,24.584,0.154,834.394,40.899,17.35,30.201,-22.767,27.679,34.638,9.943,0,1,-0.001,-1.992,2.961,-1.054,-5.262,0.004,0.002,29.984,31.307,32.082,33.889,34.586,34.796,29.386,29.86,29.575,33.704,34.467,34.539,28.794,29.386,28.827,31.676,29.143,0,0
3760110924,2.258533335,20.578,10.086,17.142,30.549,13.148,16.404,1732.606,0.844,400.864,23.432,14.466,0.043,0,1,0,0,0,4909.657,1.428,0,7.953,24.518,221.786,23.571,222.282,24.698,-1.168,24.402,222.338,24.591,0.183,833.851,40.877,17.404,30.179,-22.768,27.686,34.653,9.955,0,1,-0.001,-2.002,2.959,-1.012,-5.162,0.004,0.002,29.99,31.32,32.096,33.882,34.592,34.795,29.395,29.856,29.568,33.715,34.464,34.55,28.792,29.39,28.845,31.683,29.138,0,0
3760110926,2.292916671,20.602,10.069,17.143,30.579,13.129,16.402,1712.25,0.88,400.839,23.424,14.467,0,0,1,0,0,0,5901.551,1.412,0,8.096,24.505,221.876,23.585,222.37,24.711,-1.168,24.425,222.34,24.591,0.16,834.659,40.912,17.407,30.159,-22.768,27.667,34.639,9.928,0,1,-0.001,-2.037,2.977,-1.1,-5.31,0.004,0.002,29.98,31.328,32.084,33.867,34.596,34.794,29.376,29.849,29.562,33.687,34.463,34.538,28.79,29.389,28.831,31.675,29.123,0,0
3760110928,2.323066664,20.622,10.111,17.143,30.561,13.133,16.404,1729.927,0.856,400.854,23.439,14.466,0.012,0,1,0,0,0,4898.796,1.418,0,7.684,24.522,221.796,23.59,222.208,24.686,-1.137,24.401,222.379,24.597,0.19,834.067,40.905,17.395,30.207,-22.768,27.694,34.628,9.942,0,1,-0.001,-1.989,2.96,-0.994,-5.256,0.004,0.002,29.983,31.322,32.067,33.872,34.591,34.796,29.394,29.856,29.561,33.699,34.455,34.53,28.791,29.392,28.841,31.673,29.124,0,0
3760110929,2.351800005,20.612,10.048,17.143,30.561,13.161,16.403,1748.431,0.877,400.837,23.422,14.466,0.053,0,1,0,0,0,4909.157,1.407,0,7.312,24.499,221.907,23.555,222.324,24.704,-1.19,24.433,222.358,24.594,0.155,834.676,40.872,17.384,30.18,-22.768,27.651,34.627,9.923,0,1,-0.001,-2.07,2.96,-1.181,-5.123,0.003,0.002,29.974,31.301,32.057,33.881,34.586,34.796,29.372,29.856,29.553,33.676,34.458,34.529,28.78,29.39,28.831,31.683,29.145,0,0
3760110931,2.385300001,20.63,10.144,17.143,30.564,13.143,16.404,1710.404,0.898,400.845,23.41,14.465,0.063,0,1,0,0,0,4890.714,1.426,0,7.693,24.515,221.762,23.552,222.167,24.679,-1.168,24.421,222.37,24.596,0.169,834.439,40.894,17.327,30.185,-22.768,27.701,34.648,9.969,0,1,-0.001,-2.016,2.964,-0.901,-5.211,0.004,0.002,29.985,31.316,32.083,33.89,34.593,34.792,29.383,29.859,29.573,33.693,34.466,34.54,28.786,29.383,28.837,31.684,29.142,0,0
3760110933,2.415433335,20.61,10.072,17.143,30.548,13.14,16.403,1724.977,0.854,400.813,23.415,14.467,0,0,1,0,0,0,5899.239,1.436,0,7.673,24.509,221.86,23.584,222.282,24.697,-1.155,24.423,222.369,24.595,0.166,835.305,40.86,17.403,30.163,-22.768,27.67,34.65,9.953,0,1,-0.001,-2.017,2.964,-1.1,-5.198,0.004,0.002,29.997,31.31,32.087,33.889,34.589,34.791,29.383,29.848,29.568,33.702,34.471,34.532,28.796,29.386,28.838,31.678,29.139,0,0
3760110935,2.449083336,20.622,10.087,17.141,30.574,13.13,16.404,1702.142,0.871,400.863,23.433,14.468,0.134,0,1,0,0,0,5916.279,1.443,0,7.607,24.486,221.824,23.592,222.329,24.705,-1.155,24.408,222.271,24.58,0.166,834.293,40.869,17.367,30.193,-22.767,27.666,34.653,9.948,0,1,-0.001,-2.017,2.955,-1.072,-5.298,0.004,0.002,30.007,31.316,32.069,33.899,34.59,34.805,29.4,29.85,29.563,33.698,34.464,34.535,28.795,29.385,28.84,31.681,29.131,0,0
3760110937,2.48471667,20.612,10.127,17.142,30.56,13.146,16.404,1713.712,0.845,400.9,23.437,14.467,0.161,0,1,0,0,0,5927.786,1.441,0,7.363,24.501,221.674,23.556,222.337,24.707,-1.192,24.42,222.353,24.593,0.167,833.985,40.873,17.388,30.204,-22.768,27.664,34.647,9.941,0,1,-0.001,-1.976,2.952,-0.932,-5.191,0.004,0.002,29.978,31.299,32.058,33.901,34.593,34.802,29.391,29.855,29.568,33.695,34.457,34.518,28.774,29.364,28.828,31.681,29.14,0,0
3760110939,2.51266667,20.624,10.081,17.142,30.563,13.137,16.404,1723.876,0.858,400.853,23.427,14.467,0.05,0,1,0,0,0,5925.097,1.457,0,7.611,24.501,221.769,23.573,222.327,24.705,-1.173,24.39,222.287,24.583,0.187,834.642,40.858,17.364,30.21,-22.769,27.663,34.656,9.951,0,1,-0.001,-2.012,2.948,-1.09,-5.244,0.004,0.002,29.994,31.319,32.058,33.891,34.6,34.792,29.386,29.833,29.554,33.687,34.444,34.532,28.795,29.383,28.831,31.676,29.133,0,0
3760110941,2.547399998,20.601,10.089,17.142,30.547,13.14,16.404,1734.808,0.87,400.854,23.422,14.466,0.024,0,1,0,0,0,5952.499,1.416,0,7.392,24.512,221.769,23.582,222.249,24.692,-1.152,24.431,222.398,24.6,0.163,834.114,40.858,17.367,30.207,-22.767,27.665,34.634,9.942,0,1,-0.001,-2.022,2.947,-1.036,-5.197,0.004,0.002,29.997,31.312,32.039,33.899,34.593,34.788,29.404,29.844,29.574,33.696,34.45,34.53,28.789,29.394,28.836,31.673,29.135,0,0
3760110943,2.576316667,20.589,10.078,17.142,30.562,13.134,16.404,1723.888,0.882,400.838,23.435,14.465,0,0,1,0,0,0,4905.548,1.441,0,7.6,24.497,221.841,23.558,222.256,24.693,-1.177,24.424,222.324,24.588,0.158,834.557,40.844,17.376,30.169,-22.767,27.65,34.615,9.922,0,1,-0.001,-2.037,2.955,-1.05,-5.248,0.004,0.002,29.996,31.31,32.075,33.909,34.607,34.804,29.392,29.858,29.573,33.702,34.464,34.531,28.788,29.395,28.841,31.663,29.132,0,0
3760110945,2.606533337,20.641,10.082,17.141,30.55,13.146,16.404,1738.95,0.87,400.808,23.451,14.466,0.25,0,1,0,0,0,5926.082,1.431,0,7.654,24.51,221.745,23.57,222.301,24.7,-1.172,24.421,222.324,24.588,0.161,834.636,40.85,17.396,30.197,-22.768,27.652,34.624,9.924,0,1,-0.001,-2.031,2.949,-1.111,-5.171,0.004,0.002,29.98,31.306,32.063,33.895,34.598,34.791,29.391,29.849,29.561,33.702,34.451,34.531,28.774,29.396,28.836,31.666,29.131,0,0
3760110947,2.641633336,20.593,10.026,17.142,30.57,13.138,16.404,1735.7,0.887,400.836,23.434,14.467,0.188,0,1,0,0,0,5907.078,1.403,0,7.597,24.502,221.83,23.569,222.245,24.692,-1.164,24.414,222.328,24.589,0.168,834.321,40.82,17.415,30.205,-22.768,27.636,34.621,9.929,0,1,-0.001,-2.079,2.938,-1.225,-5.248,0.003,0.002,29.991,31.317,32.068,33.888,34.588,34.78,29.377,29.842,29.553,33.696,34.44,34.53,28.79,29.399,28.828,31.665,29.12,0,0
3760110949,2.674716671,20.587,10.085,17.143,30.549,13.15,16.404,1729.811,0.883,400.872,23.426,14.466,0.177,0,1,0,0,0,4884.523,1.406,0,7.491,24.502,221.779,23.579,222.399,24.716,-1.179,24.415,222.364,24.595,0.173,834.433,40.831,17.448,30.179,-22.767,27.637,34.611,9.895,0,1,-0.001,-2.045,2.948,-1.026,-5.15,0.004,0.002,30,31.346,32.088,33.893,34.61,34.791,29.385,29.85,29.568,33.699,34.439,34.537,28.799,29.397,28.84,31.653,29.124,0,0
3760110950,2.704333337,20.617,10.116,17.142,30.533,13.136,16.404,1740.906,0.876,400.827,23.424,14.467,0.142,0,1,0,0,0,4889.564,1.434,0,7.248,24.504,221.776,23.566,222.374,24.712,-1.187,24.428,222.319,24.587,0.153,834.329,40.829,17.394,30.173,-22.768,27.666,34.62,9.908,0,1,-0.001,-2.009,2.949,-0.972,-5.189,0.004,0.002,30,31.325,32.082,33.891,34.593,34.792,29.383,29.857,29.585,33.716,34.46,34.533,28.797,29.414,28.838,31.655,29.135,0,0
3760110952,2.739049999,20.589,10.105,17.143,30.541,13.154,16.404,1711.631,0.889,400.851,23.449,14.466,0.072,0,1,0,0,0,5911.768,1.439,0,7.418,24.494,221.788,23.566,222.242,24.691,-1.167,24.414,222.288,24.583,0.163,833.688,40.829,17.4,30.173,-22.768,27.669,34.614,9.923,0,1,-0.001,-2.042,2.947,-0.969,-5.114,0.004,0.003,29.983,31.306,32.061,33.892,34.604,34.802,29.39,29.86,29.569,33.708,34.462,34.52,28.783,29.391,28.834,31.655,29.122,0,0
3760110954,2.767300002,20.587,10.105,17.143,30.56,13.131,16.404,1695.062,0.856,400.836,23.424,14.466,0,0,1,0,0,0,5921.103,1.416,0,7.579,24.506,221.73,23.578,222.324,24.704,-1.167,24.402,222.41,24.602,0.193,833.858,40.785,17.402,30.163,-22.769,27.662,34.605,9.901,0,1,-0.001,-1.99,2.938,-0.964,-5.264,0.004,0.002,29.994,31.316,32.074,33.884,34.596,34.797,29.387,29.856,29.577,33.7,34.465,34.534,28.801,29.396,28.834,31.652,29.126,0,0
3760110956,2.800183336,20.611,10.103,17.142,30.568,13.139,16.404,1735.181,0.837,400.838,23.426,14.464,0.046,0,1,0,0,0,4905.332,1.449,0,7.28,24.498,221.801,23.565,222.287,24.698,-1.175,24.401,222.304,24.585,0.178,833.599,40.825,17.411,30.18,-22.768,27.628,34.609,9.911,0,1,-0.001,-1.978,2.943,-1.003,-5.234,0.004,0.002,30.003,31.316,32.091,33.879,34.582,34.789,29.382,29.86,29.572,33.684,34.459,34.536,28.805,29.406,28.849,31.642,29.12,0,0
3760110958,2.83306667,20.592,10.093,17.143,30.54,13.14,16.403,1737.623,0.882,400.781,23.429,14.467,0.054,0,1,0,0,0,5940.498,1.424,0,7.218,24.484,221.752,23.542,222.321,24.703,-1.203,24.42,222.384,24.598,0.171,834.522,40.827,17.391,30.176,-22.768,27.668,34.606,9.903,0,1,-0.001,-2.032,2.948,-1.01,-5.186,0.004,0.002,29.977,31.304,32.083,33.896,34.586,34.795,29.394,29.863,29.579,33.703,34.467,34.506,28.793,29.377,28.825,31.649,29.121,0,0
3760110960,2.861983331,20.594,10.077,17.143,30.573,13.111,16.403,1716.42,0.886,400.868,23.448,14.464,0.021,0,1,0,0,0,5893.406,1.427,0,7.553,24.489,221.669,23.57,222.309,24.702,-1.174,24.387,222.23,24.574,0.181,834.648,40.795,17.418,30.176,-22.767,27.597,34.603,9.902,0,1,-0.001,-2.025,2.94,-1.061,-5.38,0.004,0.002,29.99,31.318,32.087,33.864,34.575,34.776,29.392,29.846,29.569,33.687,34.446,34.515,28.794,29.391,28.837,31.64,29.129,0,0
3760110962,2.895483335,20.626,10.101,17.142,30.557,13.121,16.405,1726.829,0.861,400.791,23.419,14.465,0.078,0,1,0,0,0,5901.291,1.432,0,7.411,24.496,221.696,23.555,222.315,24.703,-1.189,24.41,222.309,24.586,0.169,833.989,40.837,17.437,30.165,-22.768,27.625,34.601,9.898,0,1,-0.001,-1.991,2.952,-1.029,-5.302,0.004,0.002,29.978,31.301,32.068,33.865,34.563,34.782,29.385,29.845,29.558,33.67,34.427,34.506,28.786,29.38,28.836,31.645,29.12,0,0
3760110964,2.9239,20.587,10.093,17.143,30.554,13.13,16.404,1736.451,0.873,400.816,23.441,14.465,0.019,0,1,0,0,0,5909.817,1.409,0,7.592,24.485,221.74,23.536,222.312,24.702,-1.207,24.404,222.349,24.592,0.182,833.511,40.848,17.401,30.181,-22.768,27.613,34.613,9.911,0,1,-0.001,-2.016,2.949,-1.002,-5.252,0.004,0.002,29.981,31.298,32.079,33.869,34.571,34.771,29.394,29.863,29.567,33.685,34.436,34.498,28.777,29.374,28.819,31.642,29.133,0,0
3760110966,2.956983336,20.619,10.065,17.142,30.569,13.104,16.404,1708.25,0.884,400.814,23.449,14.465,0.015,0,1,0,0,0,4895.088,1.405,0,7.194,24.506,221.672,23.568,222.251,24.692,-1.165,24.39,222.317,24.587,0.19,833.612,40.842,17.372,30.138,-22.769,27.669,34.622,9.929,0,1,-0.001,-2.025,2.96,-1.133,-5.409,0.004,0.002,29.987,31.313,32.056,33.858,34.564,34.766,29.389,29.85,29.57,33.679,34.433,34.505,28.803,29.38,28.826,31.646,29.129,0,0
3760110967,2.984983333,20.613,10.11,17.142,30.533,13.138,16.403,1765.638,0.852,400.816,23.434,14.465,0.01,0,1,0,0,0,4887.605,1.423,0,7.517,24.494,221.807,23.559,222.264,24.695,-1.177,24.416,222.337,24.59,0.168,834.398,40.871,17.387,30.163,-22.768,27.61,34.624,9.929,0,1,-0.001,-1.989,2.964,-0.986,-5.177,0.004,0.002,29.969,31.298,32.055,33.844,34.557,34.751,29.385,29.841,29.556,33.668,34.423,34.491,28.781,29.363,28.818,31.649,29.142,0,0
3760110969,3.014366666,20.597,10.078,17.143,30.552,13.117,16.404,1723.121,0.918,400.807,23.427,14.465,0,0,1,0,0,0,5892.569,1.449,0,7.188,24.493,221.73,23.548,222.435,24.722,-1.215,24.406,222.355,24.593,0.181,834.676,40.857,17.431,30.153,-22.768,27.625,34.636,9.914,0,1,-0.001,-2.061,2.964,-1.063,-5.315,0.004,0.002,29.981,31.302,32.051,33.84,34.561,34.755,29.378,29.846,29.559,33.661,34.432,34.479,28.78,29.368,28.826,31.649,29.137,0,0
3760110971,3.04841667,20.614,10.083,17.142,30.576,13.118,16.404,1697.524,0.869,400.822,23.43,14.465,0,0,1,0,0,0,5939.563,1.455,0,7.129,24.486,221.721,23.557,222.298,24.7,-1.184,24.398,222.353,24.593,0.189,834.277,40.901,17.383,30.155,-22.769,27.642,34.64,9.94,0,1,-0.001,-2.008,2.974,-1.068,-5.353,0.004,0.002,29.976,31.299,32.045,33.842,34.555,34.769,29.395,29.852,29.565,33.668,34.426,34.501,28.781,29.361,28.798,31.657,29.13,0,0
3760110973,3.082616671,20.627,10.119,17.143,30.562,13.152,16.404,1683.273,0.84,400.798,23.418,14.466,0,0,1,0,0,0,5950.097,1.424,0,7.164,24.49,221.675,23.544,222.301,24.7,-1.197,24.406,222.297,24.584,0.171,833.731,40.899,17.373,30.163,-22.768,27.674,34.63,9.93,0,1,-0.001,-1.98,2.969,-0.976,-5.164,0.004,0.002,29.976,31.3,32.051,33.844,34.555,34.767,29.394,29.841,29.545,33.657,34.417,34.49,28.775,29.363,28.802,31.653,29.131,0,0
3760110975,3.113316671,20.599,10.085,17.142,30.532,13.132,16.404,1709.125,0.824,400.844,23.428,14.465,0.099,0,1,0,0,0,5895.288,1.432,0,7.281,24.495,221.705,23.552,222.345,24.708,-1.197,24.43,222.304,24.585,0.15,834.612,40.876,17.384,30.154,-22.768,27.619,34.637,9.929,0,1,-0.001,-1.971,2.968,-1.043,-5.205,0.004,0.002,29.965,31.283,32.017,33.833,34.545,34.741,29.387,29.829,29.541,33.653,34.421,34.483,28.773,29.351,28.804,31.657,29.128,0,0
3760110977,3.143400002,20.624,10.117,17.143,30.539,13.151,16.403,1720.308,0.853,400.814,23.433,14.465,0.066,0,1,0,0,0,5908.975,1.434,0,6.828,24.49,221.731,23.55,222.231,24.689,-1.181,24.407,222.257,24.578,0.165,834.647,40.909,17.41,30.151,-22.768,27.629,34.644,9.955,0,1,-0.001,-1.994,2.978,-0.976,-5.125,0.004,0.002,29.976,31.3,32.032,33.84,34.551,34.753,29.384,29.834,29.538,33.664,34.418,34.489,28.787,29.36,28.813,31.663,29.115,0,0
3760110979,3.17681667,20.618,10.135,17.143,30.561,13.148,16.404,1747.087,0.866,400.808,23.441,14.466,0.004,0,1,0,0,0,5912.691,1.433,0,7.076,24.494,221.704,23.563,222.299,24.7,-1.179,24.41,222.307,24.586,0.169,834.432,40.903,17.369,30.149,-22.769,27.677,34.65,9.95,0,1,-0.001,-1.993,2.977,-0.913,-5.183,0.004,0.002,29.963,31.275,32.03,33.832,34.546,34.735,29.377,29.824,29.547,33.658,34.415,34.482,28.765,29.351,28.797,31.671,29.129,0,0
3760110981,3.211366669,20.587,10.057,17.143,30.549,13.133,16.403,1740.031,0.896,400.836,23.42,14.467,0.046,0,1,0,0,0,5910.055,1.435,0,7.079,24.483,221.73,23.526,222.257,24.694,-1.209,24.408,222.285,24.582,0.168,834.552,40.881,17.375,30.16,-22.767,27.642,34.661,9.967,0,1,-0.001,-2.065,2.968,-1.117,-5.233,0.004,0.002,29.97,31.296,32.024,33.849,34.553,34.75,29.38,29.829,29.55,33.665,34.412,34.488,28.765,29.342,28.805,31.671,29.129,0,0
3760110983,3.240100002,20.624,10.066,17.142,30.573,13.122,16.404,1726.9,0.888,400.861,23.424,14.465,0.029,0,1,0,0,0,5914.645,1.423,0,7.125,24.496,221.659,23.53,222.216,24.687,-1.198,24.409,222.317,24.587,0.173,834.489,40.955,17.449,30.156,-22.769,27.694,34.66,9.973,0,1,-0.001,-2.043,2.989,-1.138,-5.328,0.004,0.002,29.96,31.288,32.033,33.832,34.542,34.754,29.365,29.828,29.532,33.662,34.425,34.488,28.764,29.354,28.798,31.674,29.133,0,0
3760110984,3.268850001,20.638,10.105,17.143,30.56,13.134,16.404,1739.004,0.873,400.824,23.394,14.465,0.013,0,1,0,0,0,4918.119,1.435,0,6.763,24.485,221.742,23.557,222.215,24.687,-1.171,24.412,222.352,24.593,0.174,834.562,40.924,17.402,30.159,-22.768,27.68,34.661,9.974,0,1,-0.001,-2.011,2.98,-1.034,-5.246,0.004,0.002,29.968,31.276,32.054,33.837,34.554,34.753,29.363,29.824,29.543,33.662,34.434,34.498,28.771,29.351,28.803,31.674,29.126,0,0
3760110986,3.304399999,20.595,10.087,17.142,30.561,13.126,16.405,1750.961,0.887,400.814,23.42,14.466,0,0,1,0,0,0,5915.542,1.428,0,7.197,24.497,221.671,23.538,222.24,24.691,-1.194,24.421,222.401,24.6,0.174,834.585,40.883,17.35,30.17,-22.768,27.673,34.657,9.966,0,1,-0.001,-2.031,2.966,-1.033,-5.286,0.004,0.002,29.959,31.27,32.041,33.856,34.559,34.763,29.388,29.828,29.539,33.672,34.436,34.498,28.772,29.354,28.794,31.682,29.132,0,0
3760110988,3.332650002,20.575,10.091,17.142,30.572,13.145,16.403,1699.567,0.901,400.828,23.433,14.465,0.062,0,1,0,0,0,5902.159,1.424,0,6.712,24.491,221.746,23.569,222.294,24.699,-1.172,24.405,222.366,24.595,0.184,834.518,40.89,17.371,30.159,-22.768,27.696,34.661,9.962,0,1,-0.001,-2.056,2.971,-0.992,-5.218,0.004,0.002,29.967,31.271,32.036,33.857,34.564,34.764,29.382,29.831,29.551,33.674,34.448,34.496,28.763,29.343,28.796,31.683,29.129,0,0
3760110990,3.367466664,20.629,10.08,17.142,30.567,13.107,16.404,1751.61,0.842,400.82,23.412,14.464,0.04,0,1,0,0,0,5896.035,1.459,0,6.888,24.487,221.706,23.55,222.192,24.683,-1.174,24.396,222.347,24.592,0.19,834.55,40.881,17.392,30.17,-22.768,27.696,34.654,9.971,0,1,-0.001,-1.976,2.965,-1.101,-5.387,0.004,0.002,29.969,31.284,32.041,33.871,34.563,34.787,29.381,29.832,29.554,33.676,34.452,34.51,28.779,29.349,28.8,31.68,29.135,0,0
3760110992,3.39605,20.611,10.105,17.142,30.569,13.145,16.403,1734.723,0.901,400.79,23.428,14.465,0,0,1,0,0,0,5958.133,1.431,0,7.072,24.506,221.681,23.54,222.262,24.694,-1.196,24.419,222.374,24.596,0.171,834.6,40.884,17.42,30.189,-22.767,27.717,34.657,9.963,0,1,-0.001,-2.047,2.961,-0.997,-5.213,0.004,0.002,29.97,31.295,32.054,33.863,34.561,34.762,29.364,29.808,29.543,33.686,34.442,34.505,28.782,29.356,28.805,31.679,29.133,0,0
3760110994,3.425883333,20.588,10.089,17.142,30.561,13.126,16.405,1728.25,0.882,400.819,23.412,14.464,0.084,0,1,0,0,0,5907.203,1.415,0,6.855,24.487,221.804,23.539,222.165,24.679,-1.181,24.412,222.208,24.57,0.152,834.584,40.9,17.457,30.19,-22.768,27.709,34.657,9.978,0,1,-0.001,-2.024,2.965,-1.014,-5.283,0.004,0.002,29.958,31.285,32.054,33.871,34.581,34.783,29.372,29.833,29.551,33.687,34.449,34.508,28.772,29.355,28.802,31.677,29.135,0,0
3760110996,3.461549997,20.623,10.072,17.142,30.56,13.124,16.403,1724.199,0.874,400.782,23.418,14.466,0,0,1,0,0,0,4905.225,1.43,0,7.088,24.488,221.686,23.548,222.23,24.689,-1.183,24.398,222.314,24.587,0.183,834.549,40.862,17.401,30.185,-22.768,27.754,34.641,9.952,0,1,-0.001,-2.026,2.956,-1.118,-5.298,0.004,0.002,29.964,31.295,32.055,33.889,34.583,34.783,29.371,29.83,29.546,33.688,34.456,34.521,28.785,29.366,28.815,31.682,29.124,0,0
3760110997,3.48416667,20.631,10.112,17.142,30.554,13.151,16.404,1724.172,0.87,400.837,23.426,14.465,0.075,0,1,0,0,0,5906.05,1.426,0,7.142,24.496,221.691,23.551,222.279,24.697,-1.187,24.4,222.243,24.576,0.169,834.527,40.885,17.386,30.163,-22.767,27.738,34.647,9.95,0,1,-0.001,-2.015,2.968,-1.001,-5.153,0.004,0.002,29.974,31.301,32.064,33.886,34.598,34.785,29.376,29.846,29.546,33.698,34.462,34.544,28.785,29.375,28.818,31.678,29.14,0,0
3760110999,3.507500005,20.611,10.058,17.142,30.572,13.138,16.403,1733.797,0.881,400.818,23.42,14.467,0.077,0,1,0,0,0,5905.948,1.417,0,7.172,24.488,221.741,23.544,222.221,24.688,-1.185,24.379,222.37,24.596,0.21,834.071,40.854,17.408,30.208,-22.769,27.739,34.644,9.956,0,1,-0.001,-2.041,2.945,-1.148,-5.253,0.003,0.002,29.972,31.305,32.059,33.891,34.597,34.792,29.38,29.838,29.546,33.696,34.473,34.546,28.782,29.374,28.813,31.683,29.124,0,0
3760111001,3.543099999,20.628,10.128,17.142,30.561,13.143,16.404,1709.7,0.899,400.863,23.415,14.466,0.058,0,1,0,0,0,5898.515,1.415,0,6.792,24.499,221.687,23.545,222.32,24.704,-1.2,24.425,222.426,24.605,0.174,834.485,40.911,17.374,30.183,-22.768,27.743,34.628,9.924,0,1,-0.001,-2.01,2.97,-0.948,-5.208,0.004,0.002,29.98,31.306,32.05,33.885,34.6,34.8,29.385,29.84,29.562,33.699,34.472,34.541,28.786,29.39,28.813,31.668,29.136,0,0
3760111002,3.571866671,20.625,10.072,17.143,30.569,13.149,16.404,1710.535,0.854,400.837,23.422,14.465,0.083,0,1,0,0,0,4903.784,1.423,0,6.942,24.488,221.759,23.531,222.238,24.691,-1.201,24.401,222.26,24.578,0.171,834.026,40.869,17.397,30.186,-22.769,27.81,34.637,9.947,0,1,-0.001,-2.022,2.956,-1.12,-5.192,0.004,0.002,29.976,31.31,32.059,33.885,34.595,34.798,29.389,29.849,29.56,33.686,34.473,34.539,28.793,29.389,28.812,31.683,29.14,0,0
3760111005,3.606816665,20.606,10.099,17.142,30.54,13.149,16.404,1708.105,0.854,400.804,23.408,14.465,0.062,0,1,0,0,0,4917.587,1.443,0,7.052,24.484,221.69,23.532,222.197,24.684,-1.193,24.413,222.245,24.576,0.156,834.346,40.888,17.408,30.194,-22.768,27.812,34.635,9.951,0,1,-0.001,-2.006,2.96,-1.006,-5.136,0.004,0.002,29.984,31.314,32.057,33.898,34.607,34.81,29.395,29.861,29.577,33.703,34.468,34.541,28.797,29.384,28.832,31.677,29.13,0,0
3760111006,3.635583337,20.611,10.107,17.142,30.56,13.127,16.404,1715.519,0.852,400.805,23.421,14.465,0.053,0,1,0,0,0,5928.899,1.399,0,7.121,24.488,221.668,23.544,222.22,24.688,-1.185,24.386,222.308,24.586,0.193,834.643,40.851,17.398,30.199,-22.769,27.753,34.633,9.945,0,1,-0.001,-1.982,2.949,-0.991,-5.279,0.004,0.002,29.991,31.321,32.066,33.885,34.606,34.804,29.399,29.861,29.566,33.705,34.473,34.532,28.799,29.389,28.841,31.673,29.123,0,0
3760111008,3.664566668,20.642,10.067,17.143,30.591,13.115,16.404,1735.049,0.86,400.798,23.428,14.465,0,0,1,0,0,0,4877.481,1.425,0,7.14,24.497,221.692,23.549,222.281,24.697,-1.189,24.403,222.294,24.583,0.174,834.806,40.878,17.424,30.182,-22.767,27.751,34.645,9.948,0,1,-0.001,-2.008,2.962,-1.16,-5.397,0.003,0.002,29.992,31.323,32.06,33.886,34.59,34.794,29.391,29.862,29.572,33.694,34.466,34.537,28.794,29.389,28.845,31.674,29.132,0,0
3760111010,3.700333333,20.633,10.101,17.141,30.576,13.134,16.404,1676.669,0.882,400.815,23.412,14.465,0.033,0,1,0,0,0,5898.137,1.434,0,7.352,24.48,221.751,23.519,222.23,24.689,-1.212,24.409,222.289,24.583,0.167,834.545,40.882,17.398,30.215,-22.768,27.801,34.638,9.949,0,1,-0.001,-2.022,2.953,-1.039,-5.275,0.004,0.002,29.984,31.329,32.059,33.887,34.586,34.794,29.397,29.865,29.564,33.691,34.469,34.537,28.794,29.382,28.846,31.676,29.128,0,0
3760111012,3.734216666,20.63,10.082,17.143,30.569,13.144,16.404,1739.437,0.816,400.813,23.422,14.465,0.032,0,1,0,0,0,5913.727,1.428,0,7.171,24.485,221.643,23.523,222.211,24.686,-1.205,24.413,222.278,24.581,0.161,834.559,40.881,17.419,30.191,-22.768,27.739,34.635,9.949,0,1,-0.001,-1.973,2.959,-1.094,-5.215,0.004,0.002,29.979,31.313,32.072,33.895,34.602,34.799,29.4,29.863,29.574,33.693,34.468,34.533,28.772,29.378,28.82,31.679,29.124,0,0
3760111014,3.767816671,20.595,10.136,17.143,30.541,13.141,16.403,1725.872,0.887,400.813,23.407,14.466,0,0,1,0,0,0,5902.958,1.449,0,7.159,24.494,221.671,23.537,222.349,24.708,-1.212,24.417,222.252,24.577,0.154,834.36,40.866,17.412,30.193,-22.768,27.723,34.637,9.929,0,1,-0.001,-2.01,2.954,-0.879,-5.177,0.004,0.002,29.992,31.335,32.087,33.895,34.593,34.806,29.399,29.854,29.572,33.693,34.453,34.54,28.79,29.386,28.83,31.673,29.121,0,0
3760111016,3.800733336,20.601,10.125,17.143,30.543,13.141,16.405,1765.013,0.872,400.831,23.42,14.465,0.109,0,1,0,0,0,5939.132,1.439,0,7.132,24.496,221.729,23.523,222.156,24.677,-1.195,24.396,222.405,24.601,0.198,834.169,40.872,17.413,30.177,-22.768,27.689,34.645,9.968,0,1,-0.001,-2.001,2.959,-0.919,-5.182,0.004,0.002,29.974,31.324,32.078,33.892,34.587,34.793,29.391,29.854,29.566,33.689,34.459,34.539,28.796,29.393,28.833,31.679,29.121,0,0
3760111018,3.829883337,20.628,10.135,17.142,30.556,13.152,16.403,1709.287,0.917,400.803,23.425,14.465,0.044,0,1,0,0,0,5921.052,1.451,0,7.456,24.494,221.743,23.546,222.27,24.696,-1.191,24.396,222.31,24.586,0.184,833.756,40.843,17.378,30.166,-22.768,27.709,34.634,9.938,0,1,-0.001,-2.049,2.953,-0.926,-5.148,0.004,0.002,29.984,31.323,32.086,33.9,34.599,34.805,29.41,29.873,29.584,33.686,34.456,34.526,28.798,29.382,28.831,31.675,29.133,0,0
3760111020,3.858333333,20.627,10.126,17.143,30.562,13.138,16.404,1712.542,0.853,400.798,23.423,14.465,0.107,0,1,0,0,0,5943.357,1.429,0,7.288,24.491,221.728,23.533,222.188,24.682,-1.191,24.435,222.261,24.578,0.137,833.943,40.84,17.399,30.162,-22.768,27.643,34.636,9.953,0,1,#NAME?,-1.979,2.954,-0.953,-5.232,0.004,0.002,29.984,31.303,32.062,33.879,34.58,34.784,29.384,29.856,29.563,33.684,34.44,34.513,28.785,29.381,28.824,31.671,29.125,0,0
3760111021,3.887683336,20.592,10.089,17.143,30.535,13.128,16.405,1732.734,0.857,400.806,23.417,14.466,0.199,0,1,0,0,0,5904.11,1.43,0,7.174,24.491,221.711,23.518,222.178,24.681,-1.204,24.423,222.328,24.589,0.159,834.42,40.861,17.406,30.16,-22.768,27.642,34.631,9.95,0,1,-0.001,-2,2.962,-1.022,-5.23,0.004,0.002,29.994,31.33,32.063,33.904,34.594,34.791,29.398,29.874,29.571,33.701,34.449,34.54,28.8,29.399,28.836,31.673,29.141,0,0
3760111023,3.912000004,20.593,10.088,17.143,30.57,13.128,16.404,1732.908,0.88,400.828,23.417,14.466,0.1,0,1,0,0,0,5904.599,1.424,0,7.443,24.497,221.712,23.534,222.186,24.682,-1.19,24.389,222.226,24.573,0.177,834.235,40.861,17.429,30.16,-22.769,27.643,34.635,9.952,0,1,-0.001,-2.024,2.961,-1.027,-5.295,0.004,0.002,29.987,31.314,32.079,33.895,34.592,34.793,29.387,29.864,29.582,33.695,34.447,34.517,28.797,29.379,28.821,31.669,29.136,0,0
3760111025,3.939516671,20.63,10.087,17.142,30.559,13.16,16.404,1711.946,0.848,400.839,23.418,14.464,0.047,0,1,0,0,0,5905.236,1.426,0,7.248,24.491,221.748,23.534,222.327,24.705,-1.212,24.393,222.197,24.568,0.169,833.681,40.846,17.366,30.167,-22.768,27.678,34.633,9.928,0,1,-0.001,-2.048,2.953,-1.077,-5.117,0.004,0.003,29.991,31.309,32.066,33.872,34.578,34.791,29.396,29.854,29.571,33.679,34.444,34.533,28.807,29.386,28.822,31.672,29.136,0,0
3760111026,3.967216667,20.591,10.094,17.142,30.567,13.133,16.404,1724.465,0.856,400.789,23.424,14.465,0.043,0,1,0,0,0,5899.656,1.417,0,7.165,24.49,221.706,23.547,222.13,24.673,-1.168,24.42,222.157,24.562,0.136,833.698,40.85,17.375,30.181,-22.768,27.628,34.641,9.968,0,1,#NAME?,-1.999,2.95,-1.002,-5.264,0.004,0.002,29.99,31.321,32.064,33.875,34.583,34.787,29.386,29.863,29.566,33.673,34.457,34.537,28.803,29.382,28.821,31.671,29.143,0,0
3760111028,4.001916671,20.662,10.083,17.143,30.545,13.143,16.404,1726.444,0.87,400.8,23.436,14.465,0.134,0,1,0,0,0,4908.221,1.425,0,7.141,24.491,221.704,23.533,222.177,24.681,-1.189,24.377,222.326,24.589,0.205,834.485,40.836,17.372,30.174,-22.767,27.634,34.651,9.971,0,1,-0.001,-2.029,2.951,-1.137,-5.174,0.004,0.002,29.991,31.328,32.059,33.881,34.588,34.796,29.397,29.874,29.571,33.691,34.45,34.524,28.79,29.377,28.819,31.676,29.141,0,0
3760111030,4.0364,20.617,10.105,17.142,30.567,13.133,16.404,1751.274,0.873,400.823,23.407,14.465,0.124,0,1,0,0,0,5897.183,1.425,0,7.193,24.485,221.712,23.524,222.187,24.682,-1.2,24.385,222.273,24.58,0.189,833.584,40.833,17.373,30.214,-22.767,27.666,34.632,9.95,0,1,-0.001,-2.009,2.936,-1.005,-5.264,0.004,0.002,30.017,31.337,32.082,33.877,34.579,34.784,29.382,29.862,29.56,33.675,34.447,34.545,28.801,29.399,28.844,31.665,29.139,0,0
3760111032,4.070900003,20.626,10.13,17.142,30.553,13.122,16.403,1726.383,0.901,400.805,23.414,14.464,0.098,0,1,0,0,0,5897.756,1.418,0,7.133,24.474,221.669,23.5,222.224,24.688,-1.23,24.396,222.148,24.56,0.158,834.094,40.828,17.406,30.188,-22.768,27.554,34.63,9.941,0,1,-0.001,-2.014,2.944,-0.936,-5.287,0.004,0.002,29.986,31.32,32.063,33.891,34.589,34.794,29.39,29.867,29.576,33.694,34.449,34.512,28.783,29.371,28.816,31.67,29.142,0,0
3760111034,4.100700005,20.622,10.083,17.143,30.567,13.133,16.404,1717.14,0.872,400.791,23.429,14.467,0.116,0,1,0,0,0,4909.549,1.44,0,6.816,24.479,221.601,23.504,222.303,24.7,-1.238,24.405,222.179,24.565,0.154,834.58,40.817,17.37,30.186,-22.768,27.597,34.62,9.919,0,1,-0.001,-2.023,2.943,-1.081,-5.266,0.004,0.002,29.994,31.33,32.066,33.891,34.585,34.784,29.391,29.864,29.571,33.701,34.457,34.538,28.797,29.388,28.825,31.66,29.122,0,0
3760111036,4.133349999,20.631,10.081,17.142,30.569,13.123,16.403,1719.737,0.862,400.853,23.392,14.464,0.08,0,1,0,0,0,5923.315,1.421,0,6.94,24.486,221.633,23.535,222.171,24.68,-1.187,24.396,222.328,24.589,0.187,834.115,40.833,17.364,30.185,-22.769,27.659,34.615,9.935,0,1,-0.001,-2.007,2.946,-1.1,-5.314,0.004,0.002,30.004,31.323,32.064,33.881,34.587,34.786,29.4,29.862,29.565,33.672,34.446,34.528,28.788,29.387,28.828,31.661,29.137,0,0
3760111038,4.162366668,20.625,10.077,17.142,30.574,13.116,16.405,1708.779,0.865,400.791,23.422,14.465,0.064,0,1,0,0,0,4915.431,1.421,0,6.643,24.501,221.678,23.55,222.15,24.676,-1.168,24.399,222.309,24.586,0.18,833.872,40.85,17.385,30.173,-22.769,27.646,34.632,9.955,0,1,-0.001,-2.007,2.954,-1.105,-5.36,0.004,0.002,29.986,31.307,32.044,33.898,34.59,34.783,29.393,29.855,29.571,33.681,34.448,34.527,28.782,29.378,28.829,31.656,29.143,0,0
3760111039,4.187066666,20.61,10.117,17.142,30.57,13.134,16.405,1708.762,0.852,400.806,23.42,14.465,0.212,0,1,0,0,0,4914.741,1.444,0,6.632,24.485,221.77,23.524,222.145,24.676,-1.193,24.398,222.329,24.589,0.185,834.057,40.829,17.396,30.192,-22.767,27.66,34.616,9.94,0,1,-0.001,-1.981,2.943,-0.956,-5.266,0.004,0.002,29.999,31.316,32.071,33.887,34.578,34.769,29.402,29.857,29.569,33.681,34.443,34.527,28.78,29.379,28.834,31.663,29.135,0,0
3760111041,4.217,20.615,10.115,17.142,30.542,13.139,16.404,1731.754,0.878,400.797,23.429,14.466,0.154,0,1,0,0,0,4914.707,1.448,0,6.715,24.483,221.671,23.528,222.184,24.682,-1.196,24.404,222.302,24.585,0.175,834.507,40.805,17.443,30.159,-22.768,27.655,34.604,9.922,0,1,-0.001,-1.987,2.947,-0.973,-5.19,0.004,0.002,29.99,31.305,32.077,33.892,34.574,34.786,29.391,29.852,29.562,33.67,34.447,34.525,28.78,29.378,28.811,31.658,29.122,0,0
3760111043,4.25071667,20.589,10.104,17.141,30.559,13.12,16.404,1718.196,0.879,400.838,23.439,14.467,0.201,0,1,0,0,0,5937.358,1.424,0,6.955,24.477,221.657,23.516,222.239,24.691,-1.216,24.416,222.211,24.571,0.148,833.584,40.822,17.416,30.143,-22.768,27.63,34.617,9.926,0,1,-0.001,-2.007,2.953,-0.972,-5.315,0.004,0.002,29.988,31.315,32.081,33.88,34.577,34.788,29.393,29.858,29.562,33.678,34.445,34.518,28.792,29.377,28.835,31.654,29.135,0,0
3760111045,4.286083333,20.608,10.081,17.142,30.563,13.141,16.404,1750.236,0.863,400.853,23.434,14.464,0.045,0,1,0,0,0,5895.446,1.424,0,6.715,24.498,221.623,23.531,222.156,24.678,-1.188,24.396,222.273,24.58,0.178,833.735,40.849,17.385,30.154,-22.768,27.686,34.62,9.942,0,1,-0.001,-2.021,2.958,-1.068,-5.217,0.004,0.002,29.975,31.304,32.083,33.891,34.574,34.782,29.414,29.861,29.565,33.677,34.453,34.508,28.776,29.375,28.828,31.661,29.148,0,0
3760111047,4.314366666,20.604,10.082,17.142,30.544,13.12,16.404,1710.005,0.9,400.775,23.437,14.466,0.084,0,1,0,0,0,5895.257,1.447,0,6.663,24.501,221.751,23.522,222.227,24.688,-1.208,24.402,222.233,24.574,0.166,833.756,40.834,17.368,30.197,-22.769,27.65,34.63,9.942,0,1,-0.001,-2.043,2.942,-1.061,-5.287,0.004,0.002,29.987,31.317,32.071,33.895,34.582,34.781,29.393,29.863,29.569,33.679,34.463,34.521,28.801,29.386,28.828,31.667,29.117,0,0
3760111049,4.343516668,20.642,10.108,17.143,30.571,13.148,16.404,1708.395,0.854,400.832,23.409,14.465,0.133,0,1,0,0,0,5936.244,1.416,0,6.565,24.478,221.773,23.55,222.105,24.67,-1.161,24.412,222.226,24.573,0.155,833.979,40.822,17.363,30.157,-22.768,27.696,34.614,9.945,0,1,-0.001,-1.999,2.95,-1.03,-5.201,0.004,0.002,29.967,31.298,32.07,33.884,34.57,34.781,29.396,29.858,29.558,33.674,34.444,34.504,28.781,29.375,28.814,31.655,29.131,0,0
3760111050,4.371833332,20.606,10.142,17.143,30.559,13.131,16.404,1697.204,0.852,400.816,23.433,14.467,0.082,0,1,0,0,0,4905.881,1.427,0,6.654,24.48,221.625,23.52,222.167,24.679,-1.201,24.427,222.375,24.596,0.163,834.594,40.843,17.428,30.179,-22.768,27.673,34.614,9.934,0,1,-0.001,-1.963,2.952,-0.875,-5.263,0.004,0.002,29.988,31.313,32.088,33.869,34.56,34.778,29.381,29.844,29.569,33.663,34.441,34.521,28.8,29.394,28.834,31.65,29.125,0,0
3760111052,4.401333332,20.611,10.054,17.142,30.581,13.105,16.404,1714.836,0.84,400.861,23.418,14.465,0.078,0,1,0,0,0,5900.649,1.414,0,6.615,24.483,221.643,23.522,222.202,24.685,-1.205,24.412,222.236,24.575,0.157,834.727,40.819,17.375,30.176,-22.768,27.672,34.64,9.955,0,1,-0.001,-1.988,2.947,-1.158,-5.427,0.003,0.002,29.964,31.301,32.042,33.872,34.576,34.775,29.39,29.859,29.566,33.664,34.432,34.498,28.784,29.371,28.812,31.662,29.136,0,0
3760111054,4.430599999,20.619,10.076,17.143,30.567,13.126,16.404,1741.302,0.859,400.815,23.416,14.465,0.088,0,1,0,0,0,4902.497,1.436,0,6.717,24.479,221.658,23.518,222.126,24.673,-1.196,24.407,222.215,24.571,0.158,834.657,40.856,17.382,30.197,-22.768,27.643,34.626,9.953,0,1,-0.001,-2.009,2.951,-1.1,-5.3,0.004,0.002,29.977,31.311,32.054,33.864,34.556,34.763,29.393,29.85,29.563,33.656,34.427,34.493,28.796,29.386,28.827,31.658,29.139,0,0
3760111056,4.459733335,20.623,10.108,17.143,30.532,13.126,16.404,1729.712,0.89,400.822,23.409,14.466,0.077,0,1,0,0,0,5916.573,1.446,0,6.631,24.48,221.631,23.5,222.254,24.693,-1.235,24.384,222.282,24.582,0.191,833.867,40.854,17.402,30.172,-22.768,27.698,34.623,9.93,0,1,-0.001,-2.02,2.955,-1.005,-5.23,0.004,0.002,29.985,31.295,32.033,33.864,34.553,34.758,29.406,29.844,29.555,33.654,34.443,34.484,28.778,29.372,28.817,31.652,29.139,0,0
3760111057,4.487966665,20.608,10.124,17.141,30.557,13.146,16.404,1710.522,0.876,400.829,23.427,14.465,0.012,0,1,0,0,0,5933.66,1.426,0,6.546,24.496,221.638,23.498,222.287,24.698,-1.242,24.386,222.194,24.568,0.176,834.385,40.811,17.411,30.161,-22.768,27.658,34.631,9.933,0,1,-0.001,-2.01,2.948,-0.933,-5.18,0.004,0.002,29.978,31.294,32.025,33.875,34.576,34.779,29.403,29.847,29.569,33.667,34.427,34.499,28.792,29.38,28.831,31.652,29.123,0,0
3760111060,4.524033332,20.596,10.1,17.143,30.545,13.144,16.404,1725.91,0.854,400.804,23.427,14.464,0,0,1,0,0,0,5898.962,1.434,0,6.682,24.498,221.738,23.516,222.164,24.679,-1.204,24.39,222.183,24.566,0.17,833.525,40.825,17.359,30.155,-22.768,27.651,34.622,9.943,0,1,-0.001,-2.002,2.95,-0.992,-5.169,0.004,0.002,29.985,31.302,32.046,33.86,34.555,34.764,29.381,29.837,29.56,33.664,34.416,34.509,28.793,29.384,28.822,31.65,29.122,0,0
3760111061,4.551966667,20.593,10.085,17.141,30.573,13.156,16.404,1697.357,0.872,400.789,23.424,14.465,0,0,1,0,0,0,5913.31,1.418,0,6.588,24.486,221.751,23.526,222.245,24.691,-1.207,24.38,222.235,24.574,0.188,834.67,40.825,17.357,30.155,-22.767,27.652,34.617,9.926,0,1,-0.001,-2.038,2.954,-1.034,-5.162,0.004,0.002,29.975,31.293,32.036,33.862,34.571,34.759,29.39,29.839,29.553,33.658,34.429,34.489,28.781,29.367,28.806,31.649,29.14,0,0
3760111063,4.583766667,20.633,10.096,17.143,30.568,13.134,16.404,1712.575,0.84,400.799,23.412,14.466,0.084,0,1,0,0,0,4910.447,1.424,0,6.572,24.483,221.681,23.521,222.318,24.703,-1.223,24.381,222.283,24.582,0.195,834.634,40.82,17.404,30.165,-22.768,27.674,34.61,9.907,0,1,-0.001,-1.982,2.95,-1.057,-5.263,0.004,0.002,29.981,31.299,32.041,33.881,34.57,34.777,29.402,29.836,29.557,33.671,34.432,34.497,28.782,29.378,28.815,31.654,29.145,0,0
3760111065,4.61311667,20.611,10.069,17.142,30.574,13.129,16.404,1716.603,0.857,400.828,23.41,14.467,0.077,0,1,0,0,0,5895.767,1.457,0,6.544,24.488,221.661,23.517,222.243,24.691,-1.216,24.412,222.249,24.577,0.158,834.666,40.821,17.424,30.17,-22.768,27.665,34.617,9.926,0,1,-0.001,-2.014,2.949,-1.113,-5.301,0.004,0.002,29.992,31.298,32.045,33.887,34.576,34.777,29.392,29.851,29.559,33.68,34.442,34.508,28.796,29.37,28.832,31.652,29.125,0,0
3760111067,4.641783333,20.622,10.052,17.143,30.572,13.118,16.404,1750.093,0.861,400.852,23.41,14.466,0.05,0,1,0,0,0,5953.024,1.42,0,6.499,24.492,221.688,23.507,222.213,24.687,-1.221,24.394,222.254,24.577,0.177,833.559,40.828,17.389,30.168,-22.768,27.708,34.614,9.927,0,1,-0.001,-2.021,2.948,-1.181,-5.35,0.003,0.002,29.976,31.295,32.032,33.859,34.556,34.766,29.376,29.835,29.543,33.667,34.426,34.496,28.794,29.38,28.818,31.65,29.13,0,0
3760111068,4.670450004,20.591,10.133,17.142,30.566,13.156,16.404,1714.572,0.9,400.837,23.412,14.465,0.04,0,1,0,0,0,4912.412,1.445,0,6.594,24.478,221.713,23.521,222.236,24.69,-1.211,24.376,222.21,24.57,0.188,834.656,40.828,17.411,30.182,-22.769,27.708,34.628,9.937,0,1,-0.001,-2.035,2.948,-0.88,-5.152,0.004,0.002,29.963,31.279,32.031,33.857,34.557,34.758,29.372,29.833,29.56,33.662,34.426,34.505,28.778,29.367,28.804,31.652,29.128,0,0
3760111070,4.702999997,20.614,10.073,17.143,30.548,13.133,16.404,1723.292,0.859,400.797,23.421,14.465,0,0,1,0,0,0,5931.763,1.435,0,6.652,24.486,221.624,23.511,222.128,24.673,-1.203,24.396,222.209,24.57,0.168,834.123,40.828,17.407,30.182,-22.769,27.713,34.6,9.927,0,1,-0.001,-2.016,2.946,-1.102,-5.227,0.004,0.002,29.977,31.303,32.052,33.866,34.568,34.767,29.379,29.851,29.557,33.674,34.452,34.509,28.788,29.37,28.814,31.649,29.127,0,0
3760111072,4.731816665,20.64,10.094,17.142,30.573,13.123,16.404,1717.581,0.869,400.821,23.387,14.464,0.063,0,1,0,0,0,5913.809,1.454,0,6.548,24.473,221.678,23.508,222.2,24.684,-1.218,24.365,222.242,24.575,0.204,834.577,40.81,17.368,30.176,-22.768,27.682,34.614,9.929,0,1,-0.001,-2.005,2.944,-1.069,-5.325,0.004,0.002,29.964,31.298,32.05,33.866,34.565,34.77,29.371,29.842,29.557,33.673,34.438,34.5,28.783,29.366,28.824,31.649,29.131,0,0
3760111073,4.755566669,20.606,10.12,17.143,30.552,13.149,16.404,1717.479,0.862,400.791,23.382,14.464,0.054,0,1,0,0,0,5948.622,1.448,0,6.585,24.493,221.598,23.509,222.206,24.685,-1.218,24.403,222.211,24.57,0.161,834.553,40.827,17.364,30.15,-22.767,27.705,34.617,9.931,0,1,-0.001,-2.001,2.956,-0.943,-5.157,0.004,0.002,29.95,31.29,32.033,33.865,34.569,34.758,29.366,29.85,29.544,33.669,34.435,34.494,28.771,29.363,28.818,31.648,29.13,0,0
3760111075,4.784800005,20.598,10.068,17.143,30.565,13.122,16.405,1733.416,0.859,400.775,23.412,14.464,0.104,0,1,0,0,0,5948.245,1.43,0,6.7,24.48,221.721,23.498,222.17,24.679,-1.223,24.376,222.198,24.568,0.186,834.382,40.783,17.41,30.138,-22.768,27.705,34.606,9.926,0,1,-0.001,-2.015,2.946,-1.095,-5.309,0.004,0.002,29.954,31.282,32.025,33.861,34.569,34.766,29.372,29.843,29.561,33.666,34.443,34.494,28.768,29.367,28.809,31.641,29.129,0,0
3760111077,4.813816667,20.634,10.08,17.143,30.57,13.14,16.404,1731.845,0.88,400.784,23.417,14.465,0.052,0,1,0,0,0,5905.787,1.435,0,6.637,24.487,221.64,23.521,222.132,24.674,-1.194,24.393,222.256,24.577,0.178,834.82,40.81,17.427,30.173,-22.768,27.721,34.614,9.94,0,1,-0.001,-2.039,2.946,-1.107,-5.235,0.004,0.002,29.966,31.296,32.028,33.856,34.556,34.761,29.363,29.834,29.55,33.662,34.434,34.491,28.775,29.375,28.809,31.648,29.131,0,0
3760111079,4.842783332,20.639,10.103,17.143,30.545,13.149,16.404,1715.491,0.879,400.815,23.408,14.465,0,0,1,0,0,0,5914.096,1.423,0,6.671,24.482,221.687,23.511,222.16,24.678,-1.208,24.416,222.239,24.575,0.153,835.548,40.832,17.406,30.174,-22.768,27.726,34.606,9.928,0,1,-0.001,-2.029,2.954,-1.043,-5.144,0.004,0.002,29.972,31.283,32.026,33.858,34.57,34.757,29.376,29.836,29.542,33.651,34.429,34.493,28.77,29.363,28.812,31.644,29.134,0,0
3760111080,4.872366667,20.615,10.116,17.143,30.548,13.144,16.404,1742.13,0.86,400.815,23.442,14.465,0,0,1,0,0,0,5893.001,1.438,0,6.855,24.477,221.653,23.497,222.127,24.673,-1.217,24.413,222.199,24.568,0.149,834.009,40.795,17.357,30.147,-22.769,27.734,34.604,9.932,0,1,-0.001,-1.997,2.946,-0.967,-5.174,0.004,0.002,29.965,31.3,32.044,33.86,34.568,34.753,29.385,29.84,29.557,33.659,34.422,34.499,28.776,29.37,28.819,31.648,29.134,0,0
3760111082,4.9023,20.621,10.076,17.143,30.563,13.116,16.405,1727.563,0.891,400.809,23.416,14.464,0,0,1,0,0,0,5919.59,1.438,0,6.643,24.488,221.619,23.503,222.102,24.669,-1.207,24.412,222.198,24.568,0.15,833.78,40.781,17.423,30.138,-22.768,27.734,34.588,9.919,0,1,-0.001,-2.034,2.943,-1.102,-5.336,0.004,0.002,29.963,31.289,32.058,33.85,34.568,34.751,29.383,29.841,29.554,33.664,34.429,34.479,28.761,29.369,28.822,31.64,29.122,0,0
3760111084,4.933033331,20.594,10.049,17.143,30.566,13.139,16.404,1728.787,0.874,400.79,23.402,14.464,0.191,0,1,0,0,0,5920.169,1.425,0,6.664,24.475,221.688,23.504,222.226,24.688,-1.225,24.397,222.304,24.585,0.182,834.621,40.811,17.414,30.144,-22.768,27.753,34.603,9.914,0,1,-0.001,-2.051,2.953,-1.149,-5.232,0.003,0.002,29.965,31.289,32.069,33.845,34.561,34.743,29.367,29.828,29.535,33.656,34.426,34.487,28.784,29.381,28.811,31.639,29.126,0,0
3760111086,4.963350002,20.603,10.116,17.142,30.54,13.141,16.404,1713.86,0.875,400.781,23.412,14.465,0.098,0,1,0,0,0,5897.245,1.442,0,6.697,24.474,221.609,23.501,222.175,24.68,-1.221,24.389,222.161,24.562,0.167,834.599,40.847,17.468,30.16,-22.768,27.73,34.601,9.921,0,1,-0.001,-2.011,2.959,-0.952,-5.173,0.004,0.002,29.966,31.282,32.068,33.858,34.562,34.75,29.379,29.842,29.544,33.655,34.44,34.487,28.759,29.375,28.805,31.639,29.132,0,0
3760111088,4.998883335,20.603,10.108,17.142,30.556,13.133,16.403,1716.368,0.858,400.816,23.42,14.465,0.092,0,1,0,0,0,5926.137,1.414,0,6.664,24.48,221.603,23.508,222.106,24.67,-1.203,24.362,222.254,24.577,0.209,834.578,40.813,17.402,30.159,-22.768,27.703,34.608,9.939,0,1,-0.001,-1.992,2.949,-0.975,-5.243,0.004,0.002,29.966,31.297,32.042,33.848,34.547,34.739,29.373,29.832,29.547,33.642,34.412,34.502,28.779,29.38,28.825,31.643,29.122,0,0
