Time elapsed (s),Time elapsed (s),Tdb_in (C),Twb_in (C),RH_in,Tdb_out (C),Twb_out(C),RH_out(C),Q_dot_air_TriCoil (CFM),dP_nozzle_TriCoil (in W.G.),Pin_nozzle_TriCoil (in W.G),Outdoor Temp (C),Atm Pressure (PSI),Heater Output (kW),FMWP,FMEP,LBWP,LBEP,Steam Humidifier (%),Q_dot_air_wt (CFM),dP_nozzle (in W.G.),Pin_nozzle (PSIG),m_dot_r (kg/h),T_evap_in (C),P_evap_in_coolprop (PSI),T_evap_out (C),P_evap_out (PSIG),T_evap_sat (C),SH (K),T_exv_in (C),P_exv_in (PSIG),T_cond_sat (C),SC (K),m_dot_w (kg/h),T_w_in (C),P_w_in (PSIG),T_w_out (C),dp_w (in W.G.),Water Heater (% of total capacity),T_evap_out_TC (C),SH_TC (K),Water Reverse Flow,TriCoil Refr. Reverse Flow,Q_ref (tons),Q_air (tons),Q_w (tons),Inlet Air Dew Point (C),Outlet Air Dew Point (C),Inlet Air Humdity Ratio (kg/kg),Outlet Air Humidity Ratio (kg/kg),TriCoil Outlet (11),TriCoil Outlet (12),TriCoil Outlet (13),TriCoil Outlet (21),TriCoil Outlet (22),TriCoil Outlet (23),TriCoil Outlet (31),TriCoil Outlet (32),TriCoil Outlet (33),TriCoil Outlet (41),TriCoil Outlet (42),TriCoil Outlet (43),TriCoil Outlet (51),TriCoil Outlet (52),TriCoil Outlet (53) ,TriCoil Outlet (Avg),DB2_TC,,
3758405330,0,27.871,13.634,20.179,14.689,8.712,19.764,1644.381,0.813,395.83,24.941,14.286,10.539,0,0,0,0,0,5970.611,1.582,0,262.13,10.213,143.794,14.393,133.171,7.973,6.386,25.962,258.949,30.042,4.073,2.457,26.113,16.975,25.403,-3.704,0,12.45,4.477,1,0,3.949,3.076,0.001,1.042,2.801,0.004,0.005,15.201,12.353,12.584,13.358,12.778,12.614,14.099,13.026,14.676,13.105,12.314,12.503,12.468,11.127,11.144,12.875,15.543,0,0
3758405332,0.031400005,27.873,13.658,20.178,14.685,8.736,19.842,1658.093,0.846,395.863,24.941,14.284,10.681,0,0,0,0,0,5946.089,1.574,0,262.648,10.209,143.854,14.335,133.337,8.011,6.29,25.968,258.974,30.046,4.072,2.457,26.104,16.975,25.439,-3.704,0,12.464,4.453,1,0,3.954,3.134,0.001,1.129,2.87,0.004,0.005,15.181,12.351,12.594,13.366,12.803,12.616,14.118,13.02,14.682,13.115,12.332,12.518,12.478,11.144,11.16,12.882,15.548,0,0
3758405334,0.067866667,27.866,13.653,20.179,14.656,8.74,19.88,1643.992,0.862,395.799,24.927,14.286,10.61,0,0,0,0,0,5933.248,1.583,0,261.872,10.22,143.835,14.32,133.333,8.009,6.276,25.942,259.203,30.078,4.13,2.457,26.102,16.975,25.417,-3.704,0,12.459,4.45,1,0,3.943,3.155,0.001,1.118,2.913,0.004,0.005,15.139,12.344,12.594,13.355,12.781,12.626,14.102,13.019,14.657,13.118,12.322,12.518,12.48,11.145,11.154,12.884,15.531,0,0
3758405337,0.106766669,27.881,13.629,20.178,14.667,8.742,19.879,1657.961,0.846,395.841,24.933,14.284,10.506,0,0,0,0,0,5948.105,1.57,0,262.53,10.25,143.889,14.272,133.442,8.034,6.203,25.961,258.936,30.04,4.073,2.457,26.125,16.975,25.434,-3.704,0,12.457,4.423,1,0,3.951,3.11,0.001,1.017,2.906,0.004,0.005,15.141,12.373,12.611,13.364,12.795,12.629,14.125,13.021,14.674,13.118,12.335,12.524,12.482,11.162,11.167,12.873,15.525,0,0
3758405338,0.13718334,27.885,13.672,20.18,14.658,8.737,19.88,1638.826,0.862,395.808,24.934,14.284,10.386,0,0,0,0,0,5927.349,1.584,0,262.714,10.24,144.026,14.234,133.491,8.045,6.155,25.976,258.941,30.041,4.058,2.457,26.101,16.975,25.427,-3.704,0,12.463,4.418,1,0,3.952,3.17,0.001,1.161,2.905,0.004,0.005,15.136,12.34,12.596,13.35,12.787,12.603,14.117,12.999,14.673,13.134,12.308,12.513,12.487,11.145,11.148,12.878,15.529,0,0
3758405341,0.17348334,27.886,13.667,20.18,14.696,8.735,19.879,1628.992,0.84,395.808,24.931,14.285,10.245,0,0,0,0,0,5950.448,1.571,0,262.55,10.247,143.981,14.207,133.666,8.084,6.089,25.977,259.175,30.074,4.09,2.457,26.084,16.975,25.421,-3.704,0,12.473,4.389,1,0,3.948,3.13,0.001,1.141,2.855,0.004,0.005,15.146,12.342,12.596,13.363,12.802,12.616,14.113,13.004,14.652,13.13,12.327,12.505,12.482,11.151,11.161,12.887,15.552,0,0
3758405343,0.208350007,27.877,13.635,20.18,14.658,8.735,19.88,1639.152,0.828,395.825,24.954,14.285,10.202,0,0,0,0,0,5928.014,1.576,0,262.172,10.252,144.012,14.178,133.66,8.083,6.061,25.943,258.967,30.044,4.095,2.457,26.081,16.975,25.423,-3.704,0,12.491,4.408,1,0,3.943,3.09,0.001,1.042,2.898,0.004,0.005,15.144,12.338,12.591,13.358,12.788,12.611,14.104,13.001,14.634,13.135,12.328,12.513,12.489,11.15,11.15,12.892,15.547,0,0
3758405345,0.240833338,27.887,13.651,20.179,14.676,8.747,19.879,1604.625,0.84,395.832,24.931,14.285,10.101,0,0,0,0,0,5936.265,1.577,0,263.041,10.263,144.036,14.118,133.639,8.078,6.006,25.957,258.944,30.041,4.078,2.457,26.109,16.975,25.432,-3.704,0,12.507,4.429,1,0,3.954,3.112,0.001,1.083,2.909,0.004,0.005,15.12,12.339,12.58,13.36,12.783,12.627,14.105,12.997,14.635,13.133,12.325,12.515,12.481,11.147,11.151,12.894,15.546,0,0
3758405346,0.270316672,27.881,13.665,20.18,14.683,8.735,19.878,1636.049,0.801,395.832,24.926,14.283,10.084,0,0,0,0,0,5938.002,1.565,0,262.132,10.265,144.086,14.07,133.627,8.076,5.96,25.955,258.819,30.023,4.062,2.457,26.102,16.975,25.426,-3.704,0,12.509,4.433,1,0,3.94,3.063,0.001,1.142,2.871,0.004,0.005,15.117,12.326,12.573,13.355,12.797,12.624,14.108,13.003,14.657,13.124,12.328,12.508,12.485,11.129,11.137,12.914,15.557,0,0
3758405348,0.298133334,27.855,13.655,20.18,14.675,8.74,19.879,1647.242,0.836,395.777,24.929,14.284,10.084,0,0,0,0,0,5918.025,1.562,0,263.714,10.287,144.096,14.034,133.605,8.07,5.929,25.968,259.277,30.088,4.114,2.457,26.128,16.975,25.398,-3.704,0,12.517,4.447,1,0,3.962,3.114,0.001,1.141,2.891,0.004,0.005,15.108,12.338,12.565,13.343,12.789,12.614,14.129,13.012,14.609,13.134,12.322,12.513,12.497,11.147,11.148,12.908,15.545,0,0
3758405350,0.33478334,27.885,13.701,20.18,14.667,8.759,19.88,1614.935,0.849,395.809,24.926,14.286,10.134,0,0,0,0,0,5913.75,1.581,0,261.645,10.276,144.203,14.033,133.506,8.048,5.951,25.965,258.96,30.043,4.072,2.457,26.113,16.975,25.415,-3.704,0,12.514,4.465,1,0,3.932,3.157,0.001,1.258,2.949,0.004,0.005,15.107,12.319,12.571,13.336,12.782,12.611,14.094,12.984,14.588,13.135,12.315,12.522,12.491,11.131,11.142,12.91,15.546,0,0
3758405352,0.364266674,27.852,13.624,20.18,14.676,8.743,19.88,1662.361,0.813,395.848,24.943,14.286,10.238,0,0,0,0,0,5944.437,1.564,0,262.545,10.267,144.151,14.023,133.532,8.054,5.934,25.97,259.127,30.067,4.091,2.457,26.114,16.975,25.424,-3.704,0,12.508,4.453,1,0,3.945,3.05,0.001,1.036,2.9,0.004,0.005,15.112,12.335,12.58,13.34,12.785,12.609,14.115,12.991,14.594,13.129,12.329,12.522,12.493,11.145,11.157,12.904,15.555,0,0
3758405354,0.401616669,27.882,13.677,20.18,14.699,8.746,19.88,1626.853,0.867,395.848,24.919,14.285,10.27,0,0,0,0,0,5916.661,1.584,0,262.618,10.271,144.105,13.986,133.427,8.031,5.921,25.958,259.22,30.08,4.116,2.457,26.135,16.975,25.443,-3.704,0,12.514,4.484,1,0,3.946,3.176,0.001,1.179,2.878,0.004,0.005,15.092,12.336,12.578,13.371,12.805,12.626,14.111,12.997,14.561,13.142,12.324,12.522,12.497,11.139,11.157,12.918,15.551,0,0
3758405356,0.429550004,27.875,13.668,20.18,14.681,8.735,19.88,1622.633,0.826,395.817,24.916,14.285,10.209,0,0,0,0,0,5950.518,1.569,0,262.641,10.283,144.123,13.976,133.419,8.029,5.913,25.982,258.97,30.045,4.057,2.457,26.091,16.975,25.429,-3.704,0,12.521,4.492,1,0,3.945,3.109,0.001,1.16,2.871,0.004,0.005,15.068,12.326,12.576,13.352,12.774,12.606,14.106,12.983,14.535,13.137,12.322,12.526,12.49,11.138,11.149,12.904,15.541,0,0
3758405358,0.45933334,27.864,13.66,20.18,14.691,8.734,19.879,1593.245,0.821,395.824,24.925,14.285,10.102,0,0,0,0,0,5924.561,1.585,0,264.282,10.273,144.18,13.958,133.507,8.049,5.876,25.975,259.081,30.061,4.079,2.457,26.105,16.975,25.396,-3.704,0,12.524,4.475,1,0,3.969,3.096,0.001,1.145,2.856,0.004,0.005,15.063,12.346,12.586,13.356,12.785,12.62,14.118,12.99,14.512,13.14,12.328,12.527,12.484,11.155,11.161,12.907,15.559,0,0
3758405360,0.496000004,27.896,13.679,20.18,14.713,8.743,19.88,1627.428,0.788,395.831,24.948,14.286,9.969,0,0,0,0,0,5951.928,1.57,0,260.613,10.277,144.132,13.934,133.624,8.075,5.825,25.994,259.114,30.065,4.065,2.457,26.129,16.975,25.427,-3.704,0,12.528,4.453,1,0,3.912,3.047,0.001,1.168,2.853,0.004,0.005,15.057,12.354,12.597,13.363,12.805,12.64,14.125,12.988,14.495,13.156,12.338,12.544,12.5,11.169,11.17,12.912,15.548,0,0
3758405362,0.531783334,27.889,13.628,20.179,14.68,8.734,19.879,1649.786,0.827,395.865,24.936,14.287,9.948,0,0,0,0,0,5927.205,1.581,0,262.439,10.267,144.15,13.923,133.687,8.089,5.799,25.966,259.036,30.054,4.082,2.457,26.108,16.975,25.437,-3.704,0,12.517,4.428,1,0,3.94,3.082,0.001,0.997,2.868,0.004,0.005,15.047,12.35,12.599,13.39,12.824,12.647,14.133,13,14.496,13.162,12.356,12.547,12.494,11.172,11.169,12.913,15.556,0,0
3758405364,0.55978334,27.868,13.64,20.18,14.667,8.748,19.879,1588.166,0.852,395.87,24.948,14.286,9.935,0,0,0,0,0,5944.393,1.596,0,265.024,10.276,144.104,13.874,133.702,8.093,5.747,25.974,259.012,30.051,4.07,2.457,26.13,16.975,25.447,-3.704,0,12.518,4.425,1,0,3.978,3.124,0.001,1.068,2.921,0.004,0.005,15.032,12.346,12.599,13.375,12.832,12.648,14.131,13.015,14.519,13.16,12.372,12.537,12.5,11.169,11.174,12.9,15.547,0,0
3758405366,0.589283339,27.879,13.674,20.18,14.697,8.74,19.879,1657.281,0.783,395.846,24.918,14.284,10.01,0,0,0,0,0,5968.857,1.57,0,260.647,10.28,144.145,13.873,133.68,8.088,5.751,25.979,259.175,30.074,4.088,2.457,26.117,16.975,25.419,-3.704,0,12.513,4.425,1,0,3.912,3.036,0.001,1.175,2.866,0.004,0.005,15.042,12.365,12.635,13.389,12.836,12.66,14.137,13.024,14.561,13.181,12.374,12.564,12.53,11.197,11.209,12.906,15.555,0,0
3758405367,0.62056667,27.88,13.659,20.18,14.691,8.762,19.879,1623.627,0.861,395.799,24.931,14.285,9.915,0,0,0,0,0,5927.456,1.578,0,261.832,10.263,144.165,13.86,133.505,8.048,5.778,25.981,259.251,30.085,4.098,2.457,26.118,16.975,25.427,-3.704,0,12.516,4.468,1,0,3.93,3.144,0.001,1.119,2.93,0.004,0.005,15.021,12.367,12.629,13.388,12.836,12.659,14.146,13.027,14.568,13.166,12.382,12.553,12.499,11.187,11.193,12.903,15.554,0,0
3758405369,0.653233337,27.878,13.684,20.179,14.716,8.727,19.88,1603.955,0.822,395.832,24.916,14.285,9.827,0,0,0,0,0,5940.624,1.582,0,262.058,10.282,144.086,13.849,133.517,8.051,5.764,25.967,259.161,30.072,4.098,2.457,26.095,16.975,25.443,-3.704,0,12.537,4.486,1,0,3.933,3.118,0.001,1.208,2.807,0.004,0.005,15.016,12.363,12.637,13.392,12.836,12.656,14.141,13.029,14.546,13.185,12.379,12.576,12.51,11.201,11.188,12.906,15.55,0,0
3758405371,0.683483338,27.865,13.633,20.18,14.694,8.741,19.88,1623.728,0.8,395.824,24.951,14.285,9.805,0,0,0,0,0,5946.681,1.594,0,261.099,10.261,144.178,13.846,133.408,8.026,5.786,25.955,259.262,30.086,4.124,2.457,26.092,16.975,25.44,-3.704,0,12.511,4.485,1,0,3.92,3.037,0.001,1.049,2.871,0.004,0.005,14.983,12.361,12.633,13.406,12.826,12.658,14.138,13.021,14.497,13.177,12.373,12.575,12.515,11.196,11.198,12.903,15.554,0,0
3758405373,0.718950001,27.889,13.645,20.179,14.714,8.711,19.879,1602.64,0.822,395.827,24.948,14.285,9.754,0,0,0,0,0,5966.036,1.586,0,262.194,10.266,144.077,13.835,133.464,8.039,5.762,25.97,259.071,30.059,4.083,2.457,26.138,16.975,25.44,-3.704,0,12.526,4.487,1,0,3.935,3.1,0.001,1.059,2.769,0.004,0.005,14.991,12.381,12.64,13.415,12.838,12.674,14.149,13.036,14.524,13.177,12.379,12.586,12.545,11.226,11.213,12.905,15.558,0,0
3758405375,0.747083338,27.903,13.633,20.18,14.708,8.725,19.88,1658.048,0.798,395.823,24.938,14.284,9.778,0,0,0,0,0,5954.637,1.578,0,262.024,10.251,144.102,13.823,133.232,7.987,5.802,25.976,258.963,30.044,4.062,2.457,26.103,16.975,25.445,-3.704,0,12.523,4.536,1,0,3.933,3.043,0.001,0.999,2.813,0.004,0.005,14.96,12.346,12.627,13.419,12.846,12.662,14.154,13.019,14.5,13.18,12.386,12.557,12.517,11.191,11.195,12.907,15.546,0,0
3758405377,0.777683338,27.902,13.669,20.178,14.712,8.729,19.879,1645.768,0.862,395.809,24.939,14.284,9.684,0,0,0,0,0,5939.781,1.584,0,264.597,10.298,144.032,13.831,133.436,8.033,5.765,26.007,258.838,30.026,4.013,2.457,26.131,16.975,25.43,-3.704,0,12.514,4.482,1,0,3.97,3.172,0.001,1.126,2.819,0.004,0.005,14.977,12.362,12.64,13.407,12.841,12.665,14.139,13.017,14.457,13.19,12.389,12.576,12.529,11.211,11.209,12.91,15.552,0,0
3758405378,0.80175,27.894,13.653,20.18,14.692,8.734,19.879,1645.678,0.847,395.806,24.908,14.285,9.61,0,0,0,0,0,5950.338,1.585,0,265.31,10.276,144.253,13.848,133.393,8.023,5.791,25.991,259.087,30.061,4.065,2.457,26.108,16.975,25.451,-3.704,0,12.505,4.482,1,0,3.982,3.134,0.001,1.08,2.855,0.004,0.005,14.973,12.374,12.641,13.417,12.857,12.692,14.149,13.032,14.456,13.193,12.393,12.567,12.522,11.208,11.204,12.903,15.546,0,0
3758405380,0.829416672,27.88,13.683,20.18,14.684,8.732,19.879,1605.096,0.79,395.833,24.953,14.286,9.583,0,0,0,0,0,5950.003,1.573,0,263.288,10.268,144.15,13.852,133.447,8.035,5.783,25.977,259.028,30.053,4.069,2.457,26.153,16.975,25.445,-3.704,0,12.505,4.47,1,0,3.952,3.157,0.001,1.201,2.859,0.004,0.005,14.986,12.372,12.656,13.408,12.857,12.699,14.152,13.031,14.431,13.181,12.382,12.582,12.534,11.217,11.21,12.911,15.554,0,0
3758405382,0.859466672,27.877,13.635,20.179,14.687,8.743,19.879,1643.137,0.801,395.838,24.931,14.285,9.51,0,0,0,0,0,5931.73,1.569,0,260.608,10.277,144.109,13.871,133.648,8.081,5.757,25.97,259.031,30.054,4.077,2.457,26.1,16.975,25.447,-3.704,0,12.523,4.442,1,0,3.912,3.039,0.001,1.041,2.886,0.004,0.005,14.962,12.363,12.627,13.406,12.845,12.669,14.144,13.026,14.408,13.18,12.383,12.566,12.529,11.195,11.196,12.922,15.542,0,0
3758405384,0.890233334,27.894,13.641,20.178,14.686,8.716,19.879,1649.898,0.844,395.815,24.916,14.284,9.616,0,0,0,0,0,5925.952,1.569,0,262.159,10.273,144.153,13.851,133.57,8.063,5.754,25.978,258.909,30.036,4.052,2.457,26.123,16.975,25.438,-3.704,0,12.51,4.447,1,0,3.934,3.132,0.001,1.042,2.816,0.004,0.005,14.965,12.389,12.65,13.408,12.844,12.689,14.149,13.016,14.382,13.185,12.378,12.579,12.528,11.211,11.214,12.911,15.554,0,0
3758405385,0.920583336,27.893,13.651,20.179,14.685,8.727,19.881,1660.687,0.852,395.808,24.946,14.286,9.692,0,0,0,0,0,5925.886,1.558,0,262.515,10.266,144.136,13.853,133.457,8.037,5.781,25.994,259.332,30.096,4.096,2.457,26.107,16.975,25.448,-3.704,0,12.516,4.479,1,0,3.94,3.145,0.001,1.075,2.845,0.004,0.005,14.944,12.382,12.649,13.416,12.852,12.696,14.161,13.026,14.344,13.19,12.381,12.58,12.525,11.204,11.202,12.916,15.543,0,0
3758405387,0.952350005,27.887,13.645,20.18,14.701,8.732,19.879,1626.027,0.865,395.84,24.937,14.285,9.758,0,0,0,0,0,5906.629,1.581,0,261.205,10.269,144.103,13.847,133.493,8.046,5.768,26.007,259.181,30.075,4.062,2.457,26.114,16.975,25.477,-3.704,0,12.515,4.469,1,0,3.919,3.158,0.001,1.062,2.841,0.004,0.005,14.935,12.387,12.658,13.403,12.853,12.69,14.145,13.038,14.344,13.194,12.402,12.587,12.53,11.224,11.202,12.906,15.548,0,0
3758405389,0.982650002,27.884,13.68,20.18,14.673,8.747,19.88,1621.167,0.825,395.819,24.96,14.285,9.792,0,0,0,0,0,5944.745,1.574,0,261.906,10.267,144.115,13.839,133.345,8.012,5.793,25.999,259.288,30.09,4.085,2.457,26.121,16.975,25.454,-3.704,0,12.511,4.499,1,0,3.93,3.108,0.001,1.189,2.912,0.004,0.005,14.945,12.382,12.651,13.419,12.858,12.681,14.136,13.029,14.345,13.178,12.377,12.586,12.537,11.215,11.212,12.912,15.567,0,0
3758405391,1.012483335,27.878,13.676,20.18,14.715,8.744,19.879,1637.361,0.82,395.832,24.943,14.286,9.772,0,0,0,0,0,5932.68,1.585,0,261.263,10.26,144.108,13.849,133.375,8.019,5.796,25.984,259.13,30.067,4.077,2.457,26.109,16.975,25.419,-3.704,0,12.515,4.496,1,0,3.921,3.098,0.001,1.18,2.854,0.004,0.005,14.926,12.381,12.636,13.425,12.861,12.69,14.154,13.032,14.377,13.173,12.391,12.573,12.527,11.21,11.221,12.911,15.559,0,0
3758405392,1.035833335,27.895,13.669,20.18,14.692,8.725,19.88,1637.26,0.838,395.839,24.923,14.286,9.931,0,0,0,0,0,5952.496,1.572,0,260.954,10.251,144.075,13.836,133.447,8.035,5.767,25.987,259.142,30.069,4.076,2.457,26.131,16.975,25.425,-3.704,0,12.523,4.487,1,0,3.916,3.135,0.001,1.135,2.832,0.004,0.005,14.952,12.368,12.65,13.413,12.846,12.681,14.157,13.007,14.421,13.185,12.388,12.588,12.526,11.218,11.209,12.912,15.566,0,0
3758405394,1.066966669,27.883,13.67,20.18,14.707,8.748,19.878,1645.371,0.833,395.847,24.929,14.285,10.004,0,0,0,0,0,5952.116,1.574,0,260.114,10.231,144.031,13.85,133.239,7.988,5.828,25.981,258.959,30.043,4.056,2.457,26.117,16.975,25.45,-3.704,0,12.526,4.538,1,0,3.905,3.122,0.001,1.153,2.873,0.004,0.005,14.957,12.38,12.666,13.416,12.846,12.676,14.16,13.001,14.47,13.172,12.379,12.579,12.534,11.204,11.206,12.912,15.538,0,0
3758405396,1.096216671,27.877,13.666,20.179,14.701,8.757,19.879,1671.715,0.847,395.834,24.941,14.284,10.034,0,0,0,0,0,5933.146,1.575,0,261.297,10.234,143.937,13.86,133.161,7.971,5.855,25.985,258.927,30.039,4.048,2.457,26.108,16.975,25.431,-3.704,0,12.497,4.526,1,0,3.923,3.129,0.001,1.149,2.905,0.004,0.005,14.954,12.384,12.657,13.41,12.836,12.668,14.147,12.986,14.49,13.177,12.37,12.574,12.519,11.194,11.185,12.903,15.535,0,0
3758405398,1.127183334,27.871,13.657,20.18,14.709,8.736,19.879,1607.032,0.877,395.8,24.97,14.286,9.869,0,0,0,0,0,5936.336,1.58,0,261.605,10.224,143.954,13.888,133.081,7.952,5.901,25.984,258.908,30.036,4.045,2.457,26.128,16.975,25.432,-3.704,0,12.489,4.537,1,0,3.929,3.185,0.001,1.123,2.841,0.004,0.005,14.976,12.385,12.651,13.419,12.841,12.671,14.143,13.001,14.525,13.172,12.37,12.582,12.526,11.206,11.194,12.889,15.549,0,0
3758405399,1.155316671,27.887,13.653,20.18,14.706,8.732,19.88,1661.974,0.804,395.861,24.942,14.285,9.868,0,0,0,0,0,5942.894,1.571,0,260.803,10.22,143.908,13.921,132.958,7.925,5.962,25.997,259.116,30.066,4.063,2.457,26.12,16.975,25.463,-3.704,0,12.501,4.576,1,0,3.917,3.061,0.001,1.09,2.834,0.004,0.005,14.985,12.389,12.651,13.435,12.846,12.691,14.157,13.027,14.565,13.18,12.388,12.587,12.515,11.209,11.21,12.897,15.55,0,0
3758405402,1.192483338,27.885,13.705,20.179,14.691,8.768,19.88,1606.192,0.866,395.815,24.943,14.285,9.84,0,0,0,0,0,5929.019,1.575,0,260.215,10.187,143.887,13.964,133.028,7.941,5.99,25.982,259.26,30.086,4.098,2.457,26.145,16.975,25.442,-3.704,0,12.486,4.546,1,0,3.91,3.182,0.001,1.272,2.945,0.004,0.005,14.97,12.377,12.65,13.42,12.842,12.676,14.148,13.008,14.552,13.165,12.375,12.577,12.508,11.199,11.194,12.89,15.537,0,0
3758405403,1.216733336,27.903,13.657,20.18,14.698,8.749,19.879,1606.224,0.803,395.815,24.938,14.285,9.749,0,0,0,0,0,5935.044,1.584,0,259.075,10.192,143.733,14.02,132.901,7.912,6.074,25.984,258.972,30.045,4.055,2.457,26.122,16.975,25.451,-3.704,0,12.469,4.557,1,0,3.894,3.053,0.001,1.084,2.888,0.004,0.005,14.958,12.377,12.644,13.427,12.849,12.709,14.156,13.027,14.536,13.183,12.381,12.572,12.518,11.201,11.2,12.886,15.531,0,0
3758405405,1.244450005,27.926,13.683,20.18,14.726,8.729,19.879,1574.821,0.86,395.83,24.962,14.284,9.784,0,0,0,0,0,5935.168,1.572,0,262.55,10.181,143.754,14.058,132.81,7.891,6.133,25.985,258.879,30.032,4.041,2.457,26.125,16.975,25.454,-3.704,0,12.466,4.574,1,0,3.948,3.083,0.001,1.144,2.803,0.004,0.005,14.952,12.377,12.643,13.409,12.831,12.674,14.155,13.018,14.478,13.178,12.38,12.57,12.519,11.202,11.203,12.886,15.561,0,0
3758405407,1.274833337,27.866,13.676,20.18,14.708,8.751,19.88,1634.166,0.767,395.8,24.962,14.285,9.873,0,0,0,0,0,5930.204,1.583,0,261.173,10.171,143.702,14.099,132.759,7.88,6.185,25.971,259.121,30.066,4.089,2.457,26.132,16.975,25.448,-3.704,0,12.464,4.584,1,0,3.929,3.005,0.001,1.198,2.881,0.004,0.005,14.971,12.385,12.649,13.409,12.827,12.687,14.145,13.015,14.496,13.175,12.376,12.586,12.528,11.211,11.219,12.886,15.543,0,0
3758405409,1.305883336,27.89,13.635,20.18,14.686,8.739,19.878,1626.805,0.834,395.831,24.944,14.286,9.924,0,0,0,0,0,5949.242,1.573,0,260.82,10.171,143.658,14.154,132.741,7.876,6.244,25.99,258.985,30.047,4.05,2.457,26.147,16.975,25.437,-3.704,0,12.439,4.563,1,0,3.924,3.096,0.001,1.023,2.877,0.004,0.005,14.956,12.372,12.645,13.41,12.838,12.689,14.158,13.016,14.519,13.176,12.38,12.569,12.52,11.208,11.203,12.88,15.542,0,0
3758405411,1.34103334,27.872,13.698,20.18,14.675,8.763,19.88,1643.216,0.826,395.845,24.954,14.285,9.979,0,0,0,0,0,5930.628,1.578,0,262.622,10.163,143.657,14.212,132.743,7.876,6.301,25.997,258.878,30.032,4.029,2.457,26.118,16.975,25.44,-3.704,0,12.44,4.563,1,0,3.952,3.112,0.001,1.264,2.953,0.004,0.005,14.968,12.378,12.636,13.411,12.833,12.686,14.16,13.028,14.507,13.201,12.388,12.566,12.525,11.201,11.196,12.875,15.552,0,0
3758405412,1.369133337,27.883,13.686,20.179,14.676,8.742,19.878,1628.833,0.845,395.823,24.962,14.284,9.914,0,0,0,0,0,5940.522,1.58,0,262.626,10.177,143.618,14.284,132.738,7.875,6.375,25.987,258.871,30.031,4.037,2.457,26.132,16.975,25.432,-3.704,0,12.444,4.569,1,0,3.954,3.148,0.001,1.211,2.897,0.004,0.005,14.974,12.367,12.63,13.415,12.84,12.682,14.15,13.024,14.53,13.194,12.391,12.569,12.523,11.199,11.187,12.874,15.546,0,0
3758405415,1.405566669,27.878,13.711,20.18,14.694,8.747,19.88,1650.607,0.828,395.797,24.957,14.284,9.893,0,0,0,0,0,5943.879,1.569,0,261.659,10.174,143.685,14.332,132.761,7.88,6.418,25.978,259.023,30.052,4.068,2.457,26.12,16.975,25.434,-3.704,0,12.44,4.56,1,0,3.941,3.135,0.001,1.302,2.889,0.004,0.005,14.967,12.358,12.632,13.4,12.816,12.667,14.135,13.021,14.525,13.174,12.362,12.57,12.523,11.199,11.188,12.875,15.521,0,0
3758405416,1.433333333,27.86,13.654,20.179,14.674,8.74,19.88,1589.645,0.853,395.801,24.969,14.286,9.955,0,0,0,0,0,5925.21,1.592,0,262.126,10.186,143.671,14.36,132.969,7.927,6.399,25.945,258.809,30.022,4.071,2.457,26.124,16.975,25.466,-3.704,0,12.426,4.499,1,0,3.949,3.141,0.001,1.127,2.892,0.004,0.005,14.952,12.354,12.616,13.376,12.801,12.662,14.128,13.002,14.525,13.161,12.354,12.557,12.501,11.176,11.173,12.864,15.524,0,0
3758405418,1.463966672,27.864,13.7,20.179,14.686,8.749,19.879,1613.79,0.784,395.859,24.938,14.285,9.957,0,0,0,0,0,5962.866,1.573,0,262.576,10.184,143.727,14.382,132.92,7.916,6.432,25.973,259.356,30.1,4.12,2.457,26.137,16.975,25.455,-3.704,0,12.422,4.505,1,0,3.956,3.052,0.001,1.283,2.901,0.004,0.005,14.968,12.352,12.599,13.381,12.819,12.662,14.14,13,14.556,13.178,12.366,12.568,12.512,11.18,11.175,12.856,15.535,0,0
3758405420,1.494166668,27.904,13.693,20.18,14.678,8.739,19.88,1635.841,0.811,395.824,24.963,14.285,10.037,0,0,0,0,0,5931.388,1.582,0,262.815,10.184,143.719,14.395,132.994,7.933,6.428,25.959,259.117,30.066,4.1,2.457,26.112,16.975,25.466,-3.704,0,12.422,4.489,1,0,3.96,3.098,0.001,1.207,2.885,0.004,0.005,14.977,12.337,12.61,13.379,12.806,12.65,14.135,12.993,14.564,13.156,12.351,12.547,12.512,11.173,11.168,12.864,15.543,0,0
3758405422,1.529866672,27.893,13.684,20.18,14.675,8.751,19.88,1649.542,0.836,395.829,24.952,14.286,10.104,0,0,0,0,0,5945.753,1.567,0,263.185,10.181,143.719,14.416,132.854,7.901,6.48,25.938,258.968,30.044,4.1,2.457,26.147,16.975,25.443,-3.704,0,12.421,4.519,1,0,3.967,3.127,0.001,1.188,2.919,0.004,0.005,15.021,12.34,12.605,13.372,12.795,12.634,14.132,12.975,14.551,13.143,12.334,12.544,12.51,11.16,11.17,12.858,15.531,0,0
3758405424,1.55981667,27.891,13.675,20.18,14.698,8.736,19.88,1631.217,0.852,395.841,24.969,14.286,10.107,0,0,0,0,0,5921.137,1.592,0,261.696,10.184,143.705,14.444,133.016,7.938,6.472,25.948,258.98,30.046,4.092,2.457,26.1,16.975,25.465,-3.704,0,12.413,4.475,1,0,3.944,3.156,0.001,1.159,2.853,0.004,0.005,15.062,12.341,12.6,13.357,12.79,12.642,14.133,12.987,14.562,13.13,12.331,12.53,12.492,11.166,11.162,12.862,15.524,0,0
3758405426,1.591200002,27.891,13.685,20.18,14.679,8.739,19.879,1635.825,0.831,395.84,24.961,14.284,10.176,0,0,0,0,0,5963.994,1.574,0,261.081,10.173,143.716,14.458,133.042,7.944,6.48,25.966,259.134,30.068,4.096,2.457,26.121,16.975,25.462,-3.704,0,12.412,4.468,1,0,3.935,3.126,0.001,1.195,2.886,0.004,0.005,15.073,12.347,12.575,13.351,12.804,12.641,14.14,13.005,14.578,13.149,12.329,12.514,12.484,11.149,11.156,12.858,15.529,0,0
3758405428,1.627166669,27.88,13.643,20.18,14.679,8.74,19.878,1605.114,0.836,395.803,24.953,14.286,10.071,0,0,0,0,0,5934.075,1.581,0,263.587,10.202,143.664,14.432,133.001,7.934,6.463,25.942,259.088,30.061,4.114,2.457,26.14,16.975,25.448,-3.704,0,12.413,4.479,1,0,3.973,3.105,0.001,1.064,2.888,0.004,0.005,15.073,12.337,12.578,13.364,12.789,12.63,14.124,13.006,14.576,13.131,12.304,12.524,12.478,11.13,11.149,12.858,15.527,0,0
3758405429,1.650900006,27.883,13.67,20.18,14.679,8.75,19.88,1605.116,0.801,395.839,24.945,14.286,10.179,0,0,0,0,0,5944.269,1.583,0,264.647,10.2,143.802,14.399,133.11,7.959,6.406,25.978,259.271,30.088,4.104,2.457,26.133,16.975,25.472,-3.704,0,12.413,4.454,1,0,3.987,3.059,0.001,1.154,2.913,0.004,0.005,15.078,12.328,12.573,13.351,12.773,12.618,14.117,12.99,14.598,13.128,12.305,12.511,12.478,11.141,11.139,12.854,15.527,0,0
3758405431,1.680533338,27.896,13.639,20.18,14.669,8.733,19.878,1621.586,0.815,395.854,24.965,14.285,10.282,0,0,0,0,0,5944.275,1.584,0,262.746,10.206,143.791,14.395,133.088,7.954,6.407,25.965,259.133,30.068,4.096,2.457,26.123,16.975,25.461,-3.704,0,12.421,4.467,1,0,3.958,3.048,0.001,1.031,2.88,0.004,0.005,15.074,12.315,12.569,13.355,12.781,12.625,14.115,13.007,14.626,13.118,12.31,12.493,12.49,11.118,11.118,12.859,15.536,0,0
3758405433,1.711816669,27.891,13.653,20.179,14.687,8.742,19.879,1632.189,0.82,395.832,24.959,14.286,10.232,0,0,0,0,0,5949.023,1.588,0,262.548,10.196,143.818,14.329,133.126,7.963,6.332,25.975,259.121,30.066,4.085,2.457,26.113,16.975,25.449,-3.704,0,12.421,4.458,1,0,3.953,3.083,0.001,1.082,2.882,0.004,0.005,15.082,12.316,12.568,13.331,12.77,12.626,14.118,12.998,14.615,13.113,12.306,12.523,12.498,11.121,11.135,12.851,15.533,0,0
3758405435,1.740600006,27.871,13.691,20.178,14.667,8.762,19.88,1620.933,0.832,395.865,24.973,14.285,10.301,0,0,0,0,0,5956.571,1.592,0,261.625,10.199,143.773,14.323,133.233,7.987,6.301,25.98,258.991,30.048,4.061,2.457,26.139,16.975,25.457,-3.704,0,12.424,4.436,1,0,3.939,3.119,0.001,1.241,2.959,0.004,0.005,15.085,12.315,12.561,13.328,12.747,12.609,14.104,12.984,14.636,13.095,12.291,12.503,12.471,11.12,11.118,12.85,15.534,0,0
3758405436,1.770916669,27.843,13.657,20.18,14.691,8.751,19.88,1619.122,0.819,395.817,24.979,14.286,10.339,0,0,0,0,0,5963.677,1.593,0,260.666,10.193,143.789,14.274,133.263,7.994,6.246,26.007,259.041,30.055,4.042,2.457,26.12,16.975,25.462,-3.704,0,12.422,4.428,1,0,3.922,3.08,0.001,1.161,2.9,0.004,0.005,15.062,12.295,12.54,13.324,12.745,12.603,14.1,12.984,14.659,13.084,12.287,12.483,12.466,11.111,11.104,12.852,15.527,0,0
3758405438,1.801183335,27.862,13.689,20.18,14.68,8.73,19.88,1630.423,0.817,395.863,24.968,14.285,10.44,0,0,0,0,0,5965.076,1.577,0,259.087,10.193,143.761,14.252,133.246,7.99,6.227,26.005,258.966,30.044,4.033,2.457,26.147,16.975,25.478,-3.704,0,12.426,4.436,1,0,3.898,3.112,0.001,1.248,2.858,0.004,0.005,15.073,12.313,12.57,13.323,12.754,12.594,14.109,12.987,14.663,13.093,12.287,12.494,12.47,11.114,11.116,12.852,15.532,0,0
3758405440,1.831333335,27.877,13.691,20.18,14.673,8.765,19.88,1594.155,0.83,395.824,24.96,14.286,10.308,0,0,0,0,0,5938.988,1.569,0,261.481,10.217,143.758,14.182,133.369,8.017,6.131,26.031,259.161,30.072,4.034,2.457,26.118,16.975,25.468,-3.704,0,12.445,4.428,1,0,3.931,3.114,0.001,1.234,2.958,0.004,0.005,15.068,12.298,12.548,13.327,12.755,12.598,14.116,12.989,14.672,13.085,12.286,12.474,12.455,11.096,11.099,12.854,15.532,0,0
3758405442,1.859583338,27.87,13.671,20.18,14.689,8.748,19.879,1600.443,0.789,395.837,24.959,14.286,10.29,0,0,0,0,0,5924.819,1.591,0,263.146,10.23,143.873,14.142,133.143,7.967,6.141,26.003,259.076,30.06,4.051,2.457,26.127,16.975,25.472,-3.704,0,12.439,4.472,1,0,3.957,3.04,0.001,1.174,2.896,0.004,0.005,15.07,12.311,12.552,13.313,12.759,12.596,14.103,12.988,14.669,13.098,12.278,12.498,12.47,11.124,11.107,12.852,15.529,0,0
3758405444,1.891533335,27.861,13.647,20.18,14.68,8.737,19.88,1622.519,0.796,395.847,24.923,14.286,10.309,0,0,0,0,0,5961.711,1.581,0,261.143,10.212,143.932,14.11,133.17,7.973,6.103,26.035,259.131,30.068,4.027,2.457,26.128,16.975,25.476,-3.704,0,12.452,4.48,1,0,3.925,3.042,0.001,1.103,2.877,0.004,0.005,15.066,12.31,12.564,13.324,12.757,12.6,14.106,12.977,14.628,13.097,12.277,12.487,12.457,11.115,11.111,12.858,15.526,0,0
3758405445,1.920833333,27.849,13.66,20.18,14.696,8.764,19.878,1637.469,0.821,395.847,24.978,14.285,10.304,0,0,0,0,0,5944.831,1.568,0,261.343,10.216,143.848,14.093,133.145,7.967,6.092,26,259.426,30.11,4.103,2.457,26.166,16.975,25.473,-3.704,0,12.447,4.479,1,0,3.929,3.078,0.001,1.166,2.929,0.004,0.005,15.039,12.293,12.556,13.355,12.753,12.596,14.118,12.979,14.632,13.104,12.278,12.488,12.466,11.105,11.107,12.854,15.534,0,0
3758405447,1.952816669,27.857,13.658,20.18,14.678,8.741,19.879,1592.631,0.838,395.814,24.945,14.285,10.555,0,0,0,0,0,5923.21,1.606,0,260.184,10.183,143.867,14.113,132.988,7.931,6.148,26.009,259.144,30.069,4.054,2.457,26.117,16.975,25.464,-3.704,0,12.44,4.509,1,0,3.912,3.118,0.001,1.149,2.891,0.004,0.005,15.025,12.299,12.548,13.34,12.748,12.589,14.104,12.97,14.633,13.089,12.278,12.494,12.465,11.114,11.115,12.858,15.516,0,0
3758405449,1.983250006,27.833,13.681,20.179,14.673,8.753,19.879,1641.268,0.787,395.831,24.947,14.286,10.565,0,0,0,0,0,5985.731,1.566,0,259.65,10.191,143.715,14.071,132.956,7.924,6.113,26.004,259.456,30.114,4.103,2.457,26.17,16.975,25.449,-3.704,0,12.436,4.511,1,0,3.903,3.042,0.001,1.258,2.928,0.004,0.005,15.006,12.304,12.569,13.327,12.76,12.599,14.098,12.984,14.64,13.103,12.286,12.481,12.459,11.127,11.135,12.849,15.533,0,0
3758405451,2.013183339,27.869,13.659,20.179,14.698,8.721,19.88,1651.549,0.842,395.837,24.963,14.286,10.593,0,0,0,0,0,5920.336,1.56,0,261.035,10.195,143.75,14.081,133.065,7.949,6.098,26.022,259.253,30.085,4.056,2.457,26.125,16.975,25.455,-3.704,0,12.439,4.49,1,0,3.923,3.138,0.001,1.134,2.813,0.004,0.005,14.981,12.289,12.545,13.329,12.758,12.607,14.107,12.98,14.629,13.095,12.286,12.475,12.459,11.11,11.119,12.851,15.526,0,0
3758405453,2.043766673,27.855,13.664,20.179,14.658,8.744,19.762,1645.13,0.854,395.839,24.968,14.286,10.559,0,0,0,0,0,5909.517,1.579,0,260.698,10.168,143.768,14.079,132.751,7.878,6.167,26.014,259.383,30.103,4.083,2.457,26.137,16.975,25.465,-3.704,0,12.411,4.533,1,0,3.92,3.148,0.001,1.17,2.923,0.004,0.005,14.961,12.306,12.542,13.33,12.758,12.605,14.089,12.973,14.618,13.092,12.289,12.478,12.476,11.119,11.114,12.841,15.523,0,0
3758405455,2.074100002,27.871,13.631,20.179,14.654,8.715,19.88,1671.116,0.847,395.848,24.982,14.287,10.477,0,0,0,0,0,5940.571,1.579,0,260.582,10.164,143.643,14.06,132.807,7.891,6.135,25.997,259.378,30.103,4.1,2.457,26.139,16.975,25.479,-3.704,0,12.413,4.522,1,0,3.918,3.129,0.001,1.032,2.851,0.004,0.005,14.952,12.304,12.555,13.33,12.75,12.593,14.089,12.975,14.602,13.105,12.287,12.478,12.483,11.128,11.144,12.843,15.521,0,0
3758405457,2.110083334,27.865,13.69,20.18,14.667,8.755,19.88,1618.754,0.877,395.878,24.948,14.286,10.553,0,0,0,0,0,5940.394,1.567,0,258.7,10.139,143.622,14.114,132.8,7.889,6.19,25.998,258.904,30.036,4.031,2.457,26.133,16.975,25.477,-3.704,0,12.412,4.522,1,0,3.891,3.196,0.001,1.244,2.941,0.004,0.005,14.954,12.299,12.566,13.327,12.754,12.593,14.105,12.964,14.592,13.095,12.291,12.486,12.486,11.136,11.137,12.835,15.539,0,0
3758405459,2.142133339,27.874,13.657,20.179,14.685,8.726,19.88,1646.197,0.817,395.847,24.962,14.285,10.663,0,0,0,0,0,5921.648,1.578,0,261.151,10.158,143.506,14.125,132.634,7.852,6.239,26.001,259.09,30.062,4.055,2.457,26.136,16.975,25.48,-3.704,0,12.405,4.554,1,0,3.928,3.09,0.001,1.12,2.842,0.004,0.005,14.937,12.299,12.571,13.323,12.76,12.597,14.1,12.974,14.58,13.106,12.31,12.494,12.49,11.136,11.127,12.836,15.523,0,0
3758405461,2.174300003,27.869,13.67,20.179,14.686,8.733,19.879,1646.751,0.848,395.832,24.972,14.285,10.532,0,0,0,0,0,5939.483,1.574,0,261.616,10.166,143.596,14.171,132.862,7.903,6.234,26.006,259.15,30.07,4.058,2.457,26.134,16.975,25.473,-3.704,0,12.4,4.497,1,0,3.935,3.148,0.001,1.172,2.862,0.004,0.005,14.929,12.313,12.565,13.331,12.773,12.597,14.079,12.98,14.569,13.102,12.304,12.485,12.484,11.129,11.134,12.833,15.515,0,0
3758405463,2.213266667,27.852,13.653,20.18,14.665,8.748,19.88,1608.615,0.849,395.83,24.976,14.286,10.534,0,0,0,0,0,5932.48,1.566,0,262.876,10.171,143.635,14.197,132.8,7.889,6.274,25.988,259.208,30.079,4.084,2.457,26.134,16.975,25.481,-3.704,0,12.393,4.504,1,0,3.956,3.128,0.001,1.136,2.925,0.004,0.005,14.949,12.313,12.576,13.323,12.768,12.608,14.084,12.983,14.563,13.108,12.318,12.508,12.492,11.139,11.146,12.836,15.514,0,0
3758405465,2.250116674,27.87,13.651,20.18,14.661,8.717,19.879,1625.464,0.805,395.839,24.968,14.286,10.262,0,0,0,0,0,5919.27,1.563,0,261.592,10.163,143.658,14.198,132.9,7.912,6.252,25.983,259.081,30.061,4.071,2.457,26.155,16.975,25.468,-3.704,0,12.392,4.481,1,0,3.936,3.072,0.001,1.104,2.848,0.004,0.005,14.946,12.308,12.569,13.337,12.779,12.604,14.074,12.983,14.571,13.107,12.312,12.501,12.467,11.132,11.125,12.833,15.52,0,0
3758405467,2.277716668,27.856,13.655,20.18,14.676,8.719,19.879,1612.862,0.824,395.839,24.959,14.285,10.231,0,0,0,0,0,5914.787,1.585,0,262.699,10.181,143.618,14.233,132.922,7.917,6.282,25.968,258.857,30.029,4.055,2.457,26.156,16.975,25.474,-3.704,0,12.405,4.489,1,0,3.954,3.106,0.001,1.137,2.835,0.004,0.005,14.958,12.311,12.561,13.324,12.781,12.608,14.09,13.002,14.567,13.113,12.305,12.506,12.478,11.137,11.136,12.841,15.518,0,0
3758405468,2.301450006,27.871,13.684,20.18,14.693,8.721,19.881,1612.935,0.81,395.833,24.974,14.286,10.037,0,0,0,0,0,5950.744,1.574,0,262.629,10.194,143.705,14.258,132.989,7.932,6.292,25.986,258.992,30.048,4.056,2.457,26.149,16.975,25.489,-3.704,0,12.39,4.458,1,0,3.953,3.101,0.001,1.217,2.82,0.004,0.005,14.949,12.304,12.561,13.32,12.756,12.594,14.09,12.991,14.566,13.112,12.301,12.486,12.458,11.124,11.127,12.848,15.521,0,0
3758405470,2.329883337,27.846,13.666,20.18,14.667,8.759,19.88,1636.864,0.842,395.839,24.982,14.286,10.01,0,0,0,0,0,5951.023,1.578,0,263.598,10.208,143.764,14.26,132.987,7.931,6.295,25.968,259.369,30.101,4.128,2.457,26.115,16.975,25.492,-3.704,0,12.406,4.475,1,0,3.968,3.066,0.001,1.187,2.95,0.004,0.005,14.961,12.286,12.56,13.326,12.765,12.594,14.105,12.984,14.561,13.111,12.304,12.494,12.468,11.131,11.121,12.845,15.534,0,0
3758405472,2.359216674,27.856,13.635,20.178,14.669,8.735,19.878,1641.953,0.838,395.864,24.969,14.285,10.074,0,0,0,0,0,5939.239,1.585,0,264.168,10.204,143.829,14.315,132.901,7.912,6.369,25.983,259.041,30.055,4.066,2.457,26.126,16.975,25.486,-3.704,0,12.408,4.496,1,0,3.978,3.105,0.001,1.069,2.885,0.004,0.005,14.972,12.288,12.556,13.312,12.747,12.569,14.092,12.963,14.546,13.093,12.277,12.49,12.464,11.117,11.122,12.853,15.533,0,0
3758405474,2.388916667,27.868,13.657,20.18,14.67,8.729,19.879,1616.118,0.843,395.833,25.009,14.286,10.019,0,0,0,0,0,5951.131,1.576,0,263.082,10.213,143.811,14.314,133.057,7.947,6.332,25.967,259.255,30.085,4.112,2.457,26.146,16.975,25.486,-3.704,0,12.422,4.475,1,0,3.961,3.133,0.001,1.126,2.869,0.004,0.005,14.983,12.289,12.551,13.324,12.748,12.577,14.082,12.976,14.577,13.097,12.278,12.482,12.457,11.109,11.119,12.857,15.521,0,0
3758405476,2.425316668,27.868,13.657,20.18,14.671,8.74,19.88,1657.47,0.814,395.862,24.976,14.285,10.038,0,0,0,0,0,5935.444,1.571,0,260.614,10.202,143.851,14.305,133.379,8.02,6.251,25.998,259.175,30.074,4.069,2.457,26.165,16.975,25.471,-3.704,0,12.423,4.403,1,0,3.922,3.077,0.001,1.129,2.897,0.004,0.005,14.97,12.278,12.529,13.318,12.75,12.568,14.079,12.961,14.556,13.098,12.277,12.463,12.45,11.112,11.115,12.86,15.538,0,0
3758405478,2.457150006,27.89,13.674,20.18,14.671,8.741,19.879,1631.769,0.861,395.831,24.978,14.285,9.92,0,0,0,0,0,5928.299,1.581,0,261.139,10.21,143.801,14.307,133.281,7.998,6.275,25.983,259.14,30.069,4.08,2.457,26.142,16.975,25.495,-3.704,0,12.436,4.439,1,0,3.931,3.167,0.001,1.158,2.899,0.004,0.005,14.973,12.271,12.532,13.324,12.747,12.579,14.082,12.979,14.562,13.093,12.271,12.461,12.447,11.105,11.112,12.872,15.53,0,0
3758405480,2.492750001,27.876,13.649,20.179,14.674,8.742,19.879,1662.261,0.832,395.818,24.975,14.286,9.889,0,0,0,0,0,5944.958,1.59,0,261.291,10.212,143.838,14.302,133.315,8.005,6.262,25.986,259.224,30.081,4.089,2.457,26.158,16.975,25.482,-3.704,0,12.425,4.42,1,0,3.933,3.1,0.001,1.091,2.898,0.004,0.005,14.989,12.273,12.528,13.326,12.739,12.559,14.084,12.954,14.588,13.081,12.265,12.463,12.456,11.1,11.097,12.866,15.532,0,0
3758405481,2.516983334,27.881,13.641,20.18,14.694,8.734,19.763,1662.332,0.867,395.84,24.997,14.287,9.749,0,0,0,0,0,5958.845,1.58,0,263.546,10.239,143.848,14.294,133.354,8.014,6.245,25.999,259.04,30.055,4.049,2.457,26.163,16.975,25.494,-3.704,0,12.441,4.427,1,0,3.966,3.158,0.001,1.055,2.852,0.004,0.005,14.997,12.269,12.518,13.323,12.743,12.574,14.089,12.974,14.608,13.083,12.258,12.46,12.453,11.094,11.098,12.871,15.544,0,0
3758405483,2.55291667,27.888,13.649,20.179,14.686,8.741,19.88,1632.658,0.839,395.873,24.983,14.284,9.699,0,0,0,0,0,5959.113,1.58,0,262.851,10.245,143.973,14.314,133.373,8.019,6.261,25.997,259.204,30.078,4.075,2.457,26.151,16.975,25.489,-3.704,0,12.467,4.448,1,0,3.956,3.159,0.001,1.077,2.882,0.004,0.005,15.002,12.269,12.518,13.327,12.727,12.566,14.082,12.959,14.613,13.077,12.258,12.447,12.466,11.095,11.088,12.888,15.544,0,0
3758405485,2.583033339,27.881,13.661,20.18,14.688,8.732,19.88,1654.02,0.832,395.808,24.963,14.284,9.577,0,0,0,0,0,5944.04,1.584,0,261.162,10.237,144.002,14.311,133.368,8.017,6.259,25.993,259.326,30.095,4.096,2.457,26.142,16.975,25.5,-3.704,0,12.462,4.445,1,0,3.93,3.116,0.001,1.126,2.857,0.004,0.005,15.038,12.271,12.521,13.328,12.743,12.571,14.067,12.971,14.628,13.077,12.27,12.467,12.465,11.098,11.106,12.891,15.548,0,0
3758405487,2.61091667,27.884,13.626,20.18,14.685,8.726,19.878,1645.549,0.857,395.808,24.977,14.285,9.496,0,0,0,0,0,5950.5,1.571,0,261.395,10.243,143.965,14.3,133.482,8.043,6.222,26.011,259.669,30.144,4.127,2.457,26.153,16.975,25.495,-3.704,0,12.479,4.436,1,0,3.933,3.136,0.001,0.999,2.843,0.004,0.005,15.056,12.29,12.541,13.323,12.737,12.564,14.076,12.973,14.649,13.073,12.255,12.468,12.48,11.117,11.122,12.902,15.542,0,0
3758405489,2.641250006,27.896,13.673,20.18,14.688,8.729,19.88,1640.466,0.847,395.819,24.988,14.285,9.385,0,0,0,0,0,5928.862,1.586,0,260.726,10.241,143.992,14.291,133.428,8.031,6.226,26.02,259.316,30.094,4.068,2.457,26.156,16.975,25.492,-3.704,0,12.46,4.429,1,0,3.922,3.151,0.001,1.146,2.846,0.004,0.005,15.025,12.278,12.527,13.325,12.746,12.575,14.092,12.982,14.666,13.087,12.271,12.463,12.459,11.089,11.095,12.901,15.531,0,0
3758405491,2.67348334,27.908,13.707,20.178,14.701,8.746,19.879,1656.131,0.841,395.832,24.991,14.285,9.142,0,0,0,0,0,5952.588,1.579,0,262.145,10.242,143.987,14.285,133.361,8.016,6.235,26.017,259.313,30.093,4.07,2.457,26.145,16.975,25.495,-3.704,0,12.476,4.46,1,0,3.944,3.155,0.001,1.247,2.877,0.004,0.005,15.024,12.283,12.554,13.333,12.752,12.583,14.105,12.995,14.672,13.098,12.274,12.465,12.451,11.107,11.092,12.908,15.545,0,0
3758405492,2.70165,27.915,13.676,20.18,14.68,8.73,19.88,1628.178,0.859,395.831,24.983,14.286,9.067,0,0,0,0,0,5942.327,1.584,0,262.759,10.235,143.991,14.297,133.314,8.005,6.257,26.024,259.416,30.108,4.078,2.457,26.146,16.975,25.499,-3.704,0,12.49,4.484,1,0,3.953,3.173,0.001,1.133,2.86,0.004,0.005,15.037,12.3,12.551,13.334,12.74,12.575,14.096,12.983,14.681,13.098,12.288,12.487,12.453,11.119,11.115,12.92,15.556,0,0
3758405494,2.736450005,27.896,13.698,20.18,14.689,8.747,19.88,1626.582,0.827,395.851,24.977,14.287,9.147,0,0,0,0,0,5950.37,1.568,0,261.566,10.219,143.957,14.264,133.356,8.015,6.215,26.012,259.225,30.081,4.063,2.457,26.149,16.975,25.493,-3.704,0,12.498,4.484,1,0,3.935,3.125,0.001,1.231,2.892,0.004,0.005,15.028,12.307,12.557,13.317,12.761,12.6,14.11,12.993,14.635,13.103,12.288,12.484,12.464,11.13,11.126,12.929,15.557,0,0
3758405496,2.766016674,27.914,13.693,20.18,14.687,8.749,19.88,1652.062,0.826,395.873,24.969,14.285,9.07,0,0,0,0,0,5922.993,1.573,0,264.628,10.249,143.882,14.304,133.203,7.98,6.289,26.018,259.517,30.123,4.099,2.457,26.146,16.975,25.494,-3.704,0,12.492,4.511,1,0,3.982,3.117,0.001,1.193,2.902,0.004,0.005,15.04,12.324,12.582,13.342,12.762,12.593,14.117,13.004,14.655,13.119,12.302,12.506,12.47,11.13,11.139,12.921,15.537,0,0
3758405498,2.7966,27.904,13.667,20.179,14.694,8.757,19.88,1651.883,0.855,395.83,24.968,14.286,9.134,0,0,0,0,0,5932.249,1.584,0,264.317,10.245,144.019,14.335,133.278,7.997,6.303,26.019,259.29,30.09,4.065,2.457,26.174,16.975,25.49,-3.704,0,12.488,4.49,1,0,3.978,3.142,0.001,1.115,2.913,0.004,0.005,15.033,12.311,12.582,13.347,12.755,12.587,14.096,12.988,14.633,13.106,12.29,12.505,12.48,11.134,11.148,12.921,15.547,0,0
3758405500,2.826666673,27.912,13.682,20.178,14.702,8.73,19.88,1628.125,0.855,395.848,24.954,14.285,9.258,0,0,0,0,0,5950.445,1.578,0,262.965,10.23,144.004,14.361,133.194,7.978,6.348,26.026,259.455,30.114,4.082,2.457,26.137,16.975,25.486,-3.704,0,12.491,4.513,1,0,3.958,3.169,0.001,1.155,2.833,0.004,0.005,15.037,12.312,12.569,13.353,12.769,12.609,14.114,13,14.634,13.121,12.306,12.507,12.457,11.129,11.153,12.92,15.559,0,0
3758405502,2.86321667,27.904,13.646,20.179,14.687,8.733,19.88,1631.412,0.827,395.83,24.982,14.286,9.206,0,0,0,0,0,5940.872,1.582,0,262.413,10.236,143.933,14.358,133.385,8.021,6.302,26.039,259.346,30.098,4.053,2.457,26.17,16.975,25.485,-3.704,0,12.491,4.47,1,0,3.949,3.096,0.001,1.041,2.858,0.004,0.005,15.046,12.339,12.579,13.358,12.788,12.616,14.126,13.034,14.628,13.126,12.332,12.523,12.497,11.154,11.171,12.925,15.549,0,0
3758405504,2.893550007,27.899,13.687,20.18,14.713,8.721,19.764,1634.425,0.831,395.856,24.975,14.285,9.253,0,0,0,0,0,5946.154,1.593,0,260.336,10.231,143.959,14.369,133.228,7.986,6.349,26.024,259.079,30.06,4.03,2.457,26.156,16.975,25.487,-3.704,0,12.486,4.499,1,0,3.919,3.138,0.001,1.191,2.797,0.004,0.005,15.066,12.341,12.59,13.37,12.791,12.624,14.138,13.021,14.625,13.138,12.327,12.528,12.483,11.158,11.169,12.914,15.569,0,0
3758405506,2.9296,27.886,13.649,20.18,14.67,8.722,19.879,1648.253,0.834,395.83,24.989,14.285,9.238,0,0,0,0,0,5965.644,1.565,0,263.56,10.246,143.938,14.386,133.267,7.995,6.357,26.021,259.513,30.122,4.094,2.457,26.152,16.975,25.487,-3.704,0,12.497,4.503,1,0,3.968,3.117,0.001,1.077,2.851,0.004,0.005,15.07,12.352,12.614,13.379,12.814,12.635,14.132,13.017,14.659,13.145,12.344,12.54,12.494,11.165,11.175,12.924,15.558,0,0
3758405508,2.959300001,27.91,13.717,20.18,14.721,8.738,19.764,1626.481,0.85,395.822,24.963,14.286,9.333,0,0,0,0,0,5918.258,1.58,0,263.189,10.24,144.006,14.346,133.183,7.976,6.336,26.022,259.356,30.1,4.071,2.457,26.163,16.975,25.478,-3.704,0,12.505,4.529,1,0,3.961,3.182,0.001,1.277,2.831,0.004,0.005,15.053,12.35,12.619,13.373,12.818,12.627,14.13,13.031,14.652,13.145,12.325,12.542,12.495,11.168,11.181,12.922,15.542,0,0
3758405510,2.98931667,27.915,13.681,20.18,14.696,8.73,19.879,1639.63,0.825,395.856,24.992,14.287,9.43,0,0,0,0,0,5942.775,1.573,0,260.937,10.228,143.98,14.333,133.244,7.99,6.309,26.005,259.478,30.117,4.106,2.457,26.141,16.975,25.502,-3.704,0,12.479,4.49,1,0,3.928,3.119,0.001,1.146,2.839,0.004,0.005,15.082,12.354,12.616,13.382,12.818,12.646,14.148,13.027,14.67,13.143,12.341,12.53,12.506,11.172,11.178,12.909,15.546,0,0
3758405511,3.019050002,27.907,13.69,20.18,14.692,8.743,19.879,1616.728,0.841,395.871,24.962,14.286,9.426,0,0,0,0,0,5930.935,1.579,0,261.629,10.23,143.92,14.353,133.236,7.988,6.331,26.02,259.294,30.091,4.065,2.457,26.163,16.975,25.496,-3.704,0,12.487,4.499,1,0,3.938,3.143,0.001,1.19,2.88,0.004,0.005,15.093,12.367,12.628,13.384,12.839,12.645,14.173,13.046,14.694,13.156,12.355,12.552,12.522,11.172,11.18,12.912,15.543,0,0
3758405513,3.04968334,27.921,13.664,20.18,14.695,8.729,19.88,1643.066,0.814,395.856,24.99,14.286,9.56,0,0,0,0,0,5941.975,1.574,0,262.027,10.223,143.931,14.306,133.178,7.975,6.297,26.02,259.26,30.086,4.06,2.457,26.165,16.975,25.492,-3.704,0,12.476,4.501,1,0,3.943,3.09,0.001,1.083,2.839,0.004,0.005,15.123,12.376,12.626,13.391,12.834,12.661,14.186,13.042,14.695,13.176,12.363,12.556,12.531,11.178,11.195,12.905,15.554,0,0
3758405515,3.077200007,27.897,13.675,20.179,14.711,8.725,19.878,1647.773,0.844,395.857,24.967,14.284,9.513,0,0,0,0,0,5933.837,1.582,0,263.039,10.242,143.9,14.316,133.247,7.99,6.291,26.022,259.187,30.076,4.047,2.457,26.148,16.975,25.509,-3.704,0,12.485,4.494,1,0,3.958,3.15,0.001,1.154,2.811,0.004,0.005,15.118,12.378,12.625,13.381,12.824,12.64,14.17,13.03,14.694,13.153,12.357,12.564,12.522,11.179,11.18,12.906,15.556,0,0
3758405517,3.108350007,27.918,13.691,20.18,14.7,8.749,19.879,1647.715,0.85,395.799,24.984,14.286,9.588,0,0,0,0,0,5946.678,1.573,0,264.105,10.238,143.987,14.3,133.148,7.967,6.299,26.029,259.331,30.096,4.061,2.457,26.19,16.975,25.5,-3.704,0,12.476,4.509,1,0,3.974,3.156,0.001,1.18,2.885,0.004,0.005,15.133,12.375,12.629,13.372,12.827,12.653,14.151,13.039,14.712,13.138,12.353,12.556,12.523,11.173,11.176,12.899,15.554,0,0
3758405518,3.137433338,27.884,13.712,20.179,14.711,8.733,19.88,1632.193,0.85,395.848,24.971,14.286,9.726,0,0,0,0,0,5932.314,1.58,0,261.692,10.229,143.969,14.277,133.143,7.967,6.276,26.017,259.6,30.134,4.111,2.457,26.125,16.975,25.513,-3.704,0,12.477,4.511,1,0,3.938,3.181,0,1.296,2.831,0.004,0.005,15.099,12.385,12.63,13.393,12.824,12.642,14.137,13.027,14.734,13.148,12.356,12.553,12.512,11.179,11.185,12.899,15.551,0,0
3758405520,3.169700003,27.901,13.71,20.18,14.709,8.738,19.88,1661.604,0.832,395.854,24.973,14.285,9.818,0,0,0,0,0,5943.689,1.567,0,260.841,10.22,143.928,14.264,133.3,8.002,6.227,26.013,259.503,30.12,4.101,2.457,26.175,16.975,25.509,-3.704,0,12.481,4.479,1,0,3.924,3.146,0.001,1.268,2.846,0.004,0.005,15.099,12.39,12.641,13.394,12.834,12.656,14.15,13.023,14.715,13.154,12.357,12.565,12.514,11.182,11.203,12.898,15.553,0,0
3758405522,3.205333336,27.891,13.661,20.181,14.694,8.732,19.879,1647.337,0.866,395.824,24.965,14.286,9.886,0,0,0,0,0,5921.259,1.572,0,261.574,10.215,143.886,14.27,133.112,7.96,6.276,25.992,259.292,30.09,4.092,2.457,26.145,16.975,25.493,-3.704,0,12.472,4.512,1,0,3.937,3.172,0.001,1.112,2.847,0.004,0.005,15.065,12.362,12.619,13.407,12.825,12.661,14.15,13.024,14.701,13.161,12.351,12.541,12.504,11.163,11.176,12.889,15.538,0,0
3758405524,3.23378334,27.874,13.671,20.18,14.701,8.753,19.879,1597.46,0.849,395.843,25.006,14.286,10.133,0,0,0,0,0,5929.485,1.576,0,263.416,10.222,143.864,14.259,133.202,7.98,6.245,26.022,259.484,30.118,4.089,2.457,26.174,16.975,25.509,-3.704,0,12.469,4.489,1,0,3.963,3.139,0.001,1.168,2.894,0.004,0.005,15.05,12.374,12.625,13.405,12.848,12.67,14.168,13.042,14.713,13.166,12.362,12.562,12.514,11.181,11.182,12.888,15.538,0,0
3758405526,3.259833336,27.901,13.683,20.18,14.728,8.733,19.88,1597.579,0.793,395.855,24.961,14.285,10.173,0,0,0,0,0,5937.282,1.574,0,262.604,10.232,143.896,14.231,133.236,7.988,6.209,26.018,259.535,30.125,4.101,2.457,26.172,16.975,25.517,-3.704,0,12.472,4.485,1,0,3.95,3.063,0.001,1.176,2.81,0.004,0.005,15.04,12.368,12.621,13.413,12.831,12.666,14.167,13.046,14.715,13.178,12.37,12.549,12.516,11.165,11.187,12.882,15.544,0,0
3758405528,3.291383338,27.888,13.666,20.18,14.69,8.761,19.764,1623.396,0.854,395.815,25.012,14.286,10.278,0,0,0,0,0,5937.733,1.589,0,261.372,10.226,143.94,14.228,133.136,7.965,6.228,26.021,259.318,30.094,4.067,2.457,26.186,16.975,25.523,-3.704,0,12.459,4.494,1,0,3.932,3.035,0.001,1.132,2.93,0.004,0.005,15.032,12.365,12.616,13.389,12.809,12.646,14.143,13.036,14.701,13.157,12.344,12.54,12.501,11.171,11.178,12.879,15.547,0,0
3758405529,3.321516673,27.877,13.646,20.18,14.687,8.744,19.879,1632.289,0.822,395.84,24.991,14.286,10.239,0,0,0,0,0,5958.77,1.584,0,261.057,10.226,143.915,14.212,133.197,7.979,6.199,26.025,259.281,30.089,4.058,2.457,26.172,16.975,25.508,-3.704,0,12.455,4.476,1,0,3.926,3.081,0.001,1.077,2.887,0.004,0.005,15.047,12.359,12.609,13.384,12.828,12.651,14.161,13.041,14.701,13.158,12.352,12.54,12.499,11.171,11.175,12.872,15.529,0,0
3758405531,3.350283337,27.875,13.669,20.18,14.689,8.716,19.77,1612.608,0.832,395.856,24.983,14.285,10.298,0,0,0,0,0,5950.056,1.564,0,262.565,10.224,143.913,14.152,133.208,7.981,6.136,26.022,259.416,30.108,4.079,2.457,26.191,16.975,25.513,-3.704,0,12.457,4.476,1,0,3.947,3.131,0.001,1.162,2.812,0.004,0.005,15.036,12.374,12.622,13.38,12.823,12.649,14.144,13.026,14.661,13.15,12.341,12.544,12.489,11.169,11.173,12.868,15.544,0,0
3758405533,3.375483338,27.878,13.648,20.18,14.717,8.742,19.764,1635.979,0.81,395.823,25.005,14.286,10.424,0,0,0,0,0,5917.462,1.572,0,259.662,10.216,143.906,14.116,133.166,7.972,6.11,26.045,259.113,30.065,4.014,2.457,26.188,16.975,25.511,-3.704,0,12.473,4.501,1,0,3.902,3.063,0.001,1.084,2.847,0.004,0.005,15.016,12.353,12.609,13.385,12.829,12.641,14.146,13.044,14.684,13.152,12.35,12.537,12.499,11.17,11.174,12.863,15.537,0,0
3758405534,3.403150002,27.863,13.659,20.18,14.691,8.746,19.88,1636.43,0.836,395.862,25.003,14.286,10.522,0,0,0,0,0,5929.435,1.58,0,260.736,10.206,143.867,14.108,133.02,7.939,6.135,26.044,259.121,30.066,4.016,2.457,26.158,16.975,25.502,-3.704,0,12.45,4.511,1,0,3.919,3.113,0.001,1.142,2.887,0.004,0.005,15.022,12.353,12.606,13.399,12.812,12.645,14.143,13.025,14.647,13.144,12.341,12.542,12.485,11.158,11.165,12.858,15.545,0,0
3758405536,3.435050003,27.878,13.632,20.181,14.701,8.733,19.879,1609.901,0.837,395.839,24.994,14.286,10.675,0,0,0,0,0,5942.577,1.581,0,260.499,10.193,143.82,14.079,132.978,7.929,6.115,26.048,259.13,30.068,4.013,2.457,26.185,16.975,25.508,-3.704,0,12.442,4.512,1,0,3.915,3.103,0.001,1.029,2.842,0.004,0.005,15.026,12.349,12.605,13.401,12.806,12.634,14.135,13.019,14.635,13.147,12.342,12.54,12.506,11.169,11.17,12.854,15.523,0,0
3758405538,3.459833336,27.866,13.703,20.18,14.701,8.729,19.878,1653.986,0.807,395.861,24.993,14.286,10.77,0,0,0,0,0,5945.583,1.566,0,262.536,10.21,143.759,14.072,132.857,7.902,6.135,26.039,259.05,30.056,4.011,2.457,26.187,16.975,25.512,-3.704,0,12.443,4.541,1,0,3.946,3.104,0.001,1.288,2.83,0.004,0.005,15.018,12.349,12.601,13.399,12.808,12.643,14.146,13.033,14.651,13.144,12.346,12.533,12.491,11.149,11.16,12.839,15.537,0,0
3758405539,3.48763334,27.867,13.685,20.179,14.719,8.738,19.88,1638.009,0.857,395.861,24.983,14.287,10.93,0,0,0,0,0,5919.065,1.578,0,261.076,10.193,143.839,14.086,132.97,7.928,6.125,26.017,259.109,30.065,4.041,2.457,26.141,16.975,25.526,-3.704,0,12.435,4.508,1,0,3.925,3.171,0.001,1.223,2.832,0.004,0.005,15.013,12.352,12.596,13.385,12.798,12.622,14.146,13.008,14.618,13.13,12.337,12.527,12.482,11.153,11.162,12.843,15.549,0,0
3758405542,3.523266673,27.852,13.664,20.179,14.693,8.736,19.88,1641.738,0.839,395.871,24.971,14.286,10.95,0,0,0,0,0,5940.79,1.555,0,263.443,10.198,143.76,14.072,132.917,7.916,6.122,26.053,259.264,30.087,4.028,2.457,26.156,16.975,25.512,-3.704,0,12.432,4.516,1,0,3.959,3.127,0.001,1.173,2.858,0.004,0.005,15.012,12.365,12.623,13.363,12.797,12.617,14.123,12.992,14.596,13.14,12.334,12.54,12.493,11.165,11.167,12.842,15.547,0,0
3758405544,3.559283336,27.875,13.649,20.18,14.679,8.731,19.879,1646.328,0.843,395.862,25.012,14.286,10.899,0,0,0,0,0,5901.433,1.573,0,261.201,10.195,143.783,14.084,132.776,7.884,6.165,26.038,259.423,30.109,4.065,2.457,26.161,16.975,25.522,-3.704,0,12.423,4.539,1,0,3.926,3.126,0.001,1.092,2.861,0.004,0.005,14.994,12.36,12.584,13.365,12.795,12.625,14.112,13.001,14.562,13.128,12.337,12.537,12.499,11.158,11.169,12.839,15.527,0,0
3758405546,3.589100003,27.848,13.646,20.18,14.706,8.743,19.815,1631.77,0.848,395.852,25.019,14.286,10.699,0,0,0,0,0,5931.876,1.561,0,260.894,10.183,143.769,14.066,132.965,7.927,6.105,26.059,259.166,30.073,4.008,2.457,26.188,16.975,25.508,-3.704,0,12.416,4.489,1,0,3.92,3.125,0.001,1.116,2.863,0.004,0.005,14.965,12.349,12.6,13.372,12.797,12.622,14.126,13.005,14.562,13.14,12.324,12.526,12.484,11.147,11.164,12.834,15.533,0,0
3758405547,3.616316668,27.826,13.642,20.18,14.698,8.73,19.879,1644.022,0.831,395.838,24.988,14.287,10.721,0,0,0,0,0,5912.131,1.556,0,258.552,10.19,143.714,14.072,133.021,7.939,6.099,26.034,259.1,30.063,4.023,2.457,26.177,16.975,25.509,-3.704,0,12.418,4.479,1,0,3.885,3.103,0.001,1.132,2.838,0.004,0.005,14.954,12.345,12.596,13.36,12.782,12.626,14.12,12.995,14.524,13.133,12.32,12.523,12.479,11.156,11.164,12.835,15.524,0,0
3758405549,3.646483334,27.847,13.691,20.179,14.668,8.762,19.88,1637.284,0.846,395.872,24.99,14.286,10.674,0,0,0,0,0,5903.21,1.591,0,259.56,10.184,143.747,14.066,133.131,7.964,6.067,26.032,259.24,30.083,4.045,2.457,26.167,16.975,25.524,-3.704,0,12.417,4.452,1,0,3.9,3.141,0.001,1.273,2.958,0.004,0.005,14.967,12.345,12.597,13.356,12.78,12.622,14.097,12.998,14.487,13.118,12.322,12.526,12.493,11.155,11.157,12.83,15.528,0,0
3758405551,3.676050003,27.842,13.668,20.18,14.7,8.761,19.764,1623.72,0.838,395.86,24.989,14.288,10.659,0,0,0,0,0,5960.64,1.565,0,258.98,10.177,143.716,14.069,132.848,7.9,6.135,26.039,259.081,30.061,4.015,2.457,26.16,16.975,25.492,-3.704,0,12.432,4.532,1,0,3.892,3.113,0.001,1.198,2.915,0.004,0.005,14.961,12.313,12.586,13.355,12.788,12.611,14.086,13.004,14.487,13.115,12.338,12.521,12.481,11.148,11.151,12.831,15.524,0,0
3758405553,3.711933335,27.859,13.663,20.18,14.687,8.755,19.878,1635.298,0.823,395.902,24.969,14.285,10.585,0,0,0,0,0,5917.631,1.575,0,260.828,10.156,143.686,14.147,132.802,7.89,6.223,26.017,259.427,30.11,4.087,2.457,26.17,16.975,25.503,-3.704,0,12.428,4.538,1,0,3.923,3.087,0.001,1.163,2.915,0.004,0.005,14.958,12.319,12.585,13.349,12.771,12.608,14.09,12.979,14.472,13.122,12.315,12.51,12.487,11.153,11.157,12.833,15.532,0,0
3758405555,3.739950005,27.845,13.682,20.18,14.687,8.748,19.879,1623.382,0.835,395.816,24.967,14.286,10.597,0,0,0,0,0,5935.751,1.573,0,260.069,10.158,143.583,14.151,132.952,7.923,6.193,26.051,259.145,30.07,4.013,2.457,26.155,16.975,25.537,-3.704,0,12.411,4.488,1,0,3.91,3.127,0.001,1.244,2.897,0.004,0.005,14.965,12.332,12.586,13.343,12.775,12.61,14.075,12.967,14.42,13.113,12.307,12.517,12.486,11.156,11.165,12.828,15.517,0,0
3758405557,3.775683339,27.852,13.688,20.18,14.689,8.724,19.879,1642.948,0.822,395.862,24.984,14.285,10.53,0,0,0,0,0,5931.191,1.576,0,259.891,10.14,143.597,14.156,132.777,7.884,6.238,26.02,259.181,30.075,4.049,2.457,26.144,16.975,25.528,-3.704,0,12.404,4.52,1,0,3.909,3.122,0.001,1.256,2.834,0.004,0.005,14.929,12.302,12.572,13.327,12.767,12.593,14.075,12.96,14.4,13.107,12.308,12.502,12.469,11.133,11.134,12.819,15.516,0,0
3758405559,3.811700002,27.858,13.649,20.18,14.662,8.72,19.764,1666.318,0.844,395.832,25.004,14.286,10.481,0,0,0,0,0,5936.703,1.573,0,260.997,10.147,143.512,14.161,132.596,7.843,6.284,26.034,259.061,30.058,4.017,2.457,26.171,16.975,25.527,-3.704,0,12.403,4.561,1,0,3.926,3.135,0.001,1.113,2.853,0.004,0.005,14.957,12.308,12.569,13.324,12.77,12.604,14.065,12.968,14.41,13.106,12.301,12.504,12.475,11.148,11.141,12.823,15.526,0,0
3758405561,3.841650001,27.876,13.629,20.18,14.681,8.725,19.879,1644.199,0.872,395.862,25.002,14.285,10.195,0,0,0,0,0,5930.588,1.582,0,261.282,10.151,143.544,14.244,132.752,7.878,6.332,26.034,259.312,30.094,4.053,2.457,26.16,16.975,25.519,-3.704,0,12.413,4.534,1,0,3.932,3.162,0.001,1.023,2.845,0.004,0.005,14.966,12.303,12.557,13.324,12.771,12.607,14.075,12.969,14.435,13.115,12.297,12.493,12.468,11.125,11.127,12.832,15.518,0,0
3758405562,3.872016668,27.858,13.621,20.18,14.661,8.76,19.765,1636.565,0.846,395.823,24.996,14.287,10.07,0,0,0,0,0,5946.057,1.571,0,261.037,10.141,143.562,14.243,132.637,7.852,6.356,26.039,259.249,30.084,4.039,2.457,26.162,16.975,25.534,-3.704,0,12.402,4.55,1,0,3.928,3.094,0.001,1.016,2.96,0.004,0.005,14.967,12.299,12.554,13.316,12.758,12.601,14.078,12.961,14.455,13.097,12.289,12.493,12.462,11.129,11.134,12.834,15.524,0,0
3758405564,3.902100007,27.87,13.646,20.18,14.672,8.744,19.837,1628.417,0.837,395.879,24.991,14.287,10.123,0,0,0,0,0,5927.73,1.579,0,260.086,10.133,143.519,14.311,132.654,7.857,6.42,26.006,258.881,30.032,4.02,2.457,26.177,16.975,25.528,-3.704,0,12.387,4.531,1,0,3.916,3.106,0.001,1.085,2.906,0.004,0.005,14.955,12.296,12.559,13.32,12.763,12.585,14.076,12.937,14.467,13.083,12.281,12.49,12.458,11.121,11.125,12.83,15.532,0,0
3758405566,3.931500006,27.859,13.654,20.179,14.663,8.742,19.88,1599.312,0.828,395.879,25.017,14.286,9.996,0,0,0,0,0,5940.837,1.56,0,261.966,10.14,143.478,14.352,132.837,7.898,6.42,26.028,258.924,30.039,4.005,2.457,26.175,16.975,25.53,-3.704,0,12.4,4.502,1,0,3.944,3.097,0.001,1.13,2.912,0.004,0.005,14.95,12.302,12.556,13.328,12.751,12.581,14.072,12.946,14.479,13.1,12.283,12.491,12.465,11.114,11.115,12.839,15.525,0,0
3758405568,3.959050004,27.889,13.655,20.18,14.663,8.738,19.766,1659.7,0.795,395.843,25.021,14.287,9.781,0,0,0,0,0,5909.311,1.581,0,259.609,10.136,143.512,14.408,132.671,7.86,6.513,26.027,259.132,30.068,4.035,2.457,26.168,16.975,25.514,-3.704,0,12.394,4.534,1,0,3.911,3.045,0.001,1.092,2.901,0.004,0.005,14.952,12.295,12.557,13.32,12.746,12.582,14.054,12.939,14.469,13.101,12.282,12.484,12.446,11.112,11.112,12.84,15.526,0,0
3758405570,3.994516667,27.86,13.645,20.178,14.681,8.739,19.764,1640.349,0.864,395.871,25.002,14.286,9.65,0,0,0,0,0,5943.271,1.573,0,261.075,10.141,143.494,14.45,132.804,7.89,6.525,26,259.319,30.095,4.089,2.457,26.163,16.975,25.533,-3.704,0,12.393,4.502,1,0,3.934,3.152,0.001,1.096,2.881,0.004,0.005,14.917,12.288,12.548,13.335,12.746,12.601,14.056,12.934,14.495,13.095,12.297,12.488,12.441,11.108,11.118,12.839,15.522,0,0
3758405571,4.022083338,27.863,13.657,20.18,14.676,8.732,19.879,1617.814,0.841,395.847,24.99,14.286,9.634,0,0,0,0,0,5931.702,1.56,0,260.792,10.149,143.515,14.486,132.702,7.867,6.584,26.009,259.205,30.078,4.063,2.457,26.181,16.975,25.523,-3.704,0,12.393,4.526,1,0,3.931,3.128,0.001,1.133,2.868,0.004,0.005,14.927,12.287,12.551,13.329,12.762,12.59,14.06,12.93,14.518,13.093,12.293,12.483,12.444,11.108,11.118,12.844,15.52,0,0
3758405573,4.052666672,27.872,13.697,20.18,14.678,8.721,19.88,1663.297,0.816,395.848,24.983,14.286,9.65,0,0,0,0,0,5908.759,1.572,0,261.078,10.146,143.555,14.543,132.69,7.864,6.644,26.016,259.045,30.056,4.033,2.457,26.186,16.975,25.531,-3.704,0,12.403,4.539,1,0,3.936,3.12,0.001,1.262,2.838,0.004,0.005,14.919,12.287,12.546,13.336,12.749,12.574,14.063,12.931,14.515,13.083,12.276,12.475,12.443,11.101,11.119,12.842,15.509,0,0
3758405575,4.083333333,27.877,13.687,20.179,14.676,8.746,19.878,1633.928,0.868,395.838,25.005,14.286,9.782,0,0,0,0,0,5929.611,1.575,0,261.184,10.145,143.539,14.583,132.677,7.861,6.687,26.016,259.277,30.088,4.066,2.457,26.188,16.975,25.506,-3.704,0,12.397,4.536,1,0,3.939,3.185,0.001,1.219,2.905,0.004,0.005,14.921,12.258,12.53,13.319,12.733,12.576,14.043,12.927,14.526,13.078,12.269,12.476,12.44,11.09,11.102,12.847,15.524,0,0
3758405577,4.113366667,27.897,13.693,20.18,14.672,8.724,19.88,1654.518,0.834,395.847,25.031,14.288,9.803,0,0,0,0,0,5935.177,1.566,0,262.338,10.154,143.535,14.656,132.692,7.865,6.756,25.993,259.327,30.096,4.096,2.457,26.154,16.975,25.531,-3.704,0,12.404,4.539,1,0,3.959,3.146,0.001,1.211,2.851,0.004,0.005,14.96,12.275,12.542,13.309,12.73,12.563,14.05,12.937,14.524,13.068,12.269,12.477,12.447,11.094,11.104,12.853,15.508,0,0
3758405579,4.141916672,27.853,13.7,20.18,14.674,8.737,19.88,1642.472,0.858,395.894,25.01,14.286,9.738,0,0,0,0,0,5919.362,1.574,0,262.209,10.15,143.579,14.691,132.828,7.896,6.76,25.994,259.117,30.066,4.066,2.457,26.17,16.975,25.52,-3.704,0,12.387,4.491,1,0,3.957,3.184,0.001,1.296,2.884,0.004,0.005,15.007,12.281,12.532,13.31,12.724,12.574,14.052,12.945,14.569,13.076,12.278,12.486,12.446,11.09,11.111,12.841,15.517,0,0
3758405580,4.170650005,27.869,13.692,20.18,14.691,8.73,19.879,1638.202,0.844,395.862,25,14.286,9.743,0,0,0,0,0,5931.963,1.581,0,260.004,10.144,143.555,14.747,132.799,7.889,6.823,25.993,259.046,30.056,4.057,2.457,26.168,16.975,25.519,-3.704,0,12.393,4.504,1,0,3.925,3.158,0.001,1.246,2.845,0.004,0.005,15.032,12.285,12.538,13.305,12.726,12.581,14.056,12.966,14.554,13.088,12.268,12.478,12.438,11.089,11.111,12.852,15.524,0,0
3758405582,4.194616667,27.857,13.648,20.179,14.666,8.738,19.88,1634.935,0.839,395.862,25.006,14.287,9.572,0,0,0,0,0,5945.11,1.577,0,261.753,10.17,143.53,14.785,132.784,7.886,6.865,26,259.235,30.083,4.076,2.457,26.166,16.975,25.522,-3.704,0,12.385,4.5,1,0,3.952,3.114,0.001,1.108,2.897,0.004,0.005,15.066,12.286,12.547,13.296,12.733,12.57,14.055,12.949,14.56,13.058,12.253,12.468,12.438,11.079,11.097,12.852,15.527,0,0
3758405584,4.225683339,27.876,13.681,20.181,14.677,8.735,19.879,1635.338,0.835,395.868,25.013,14.285,9.539,0,0,0,0,0,5937.312,1.567,0,263.195,10.17,143.65,14.776,132.791,7.887,6.854,26.02,259.067,30.059,4.032,2.457,26.188,16.975,25.536,-3.704,0,12.393,4.506,1,0,3.973,3.133,0.001,1.201,2.877,0.004,0.005,15.094,12.279,12.545,13.289,12.736,12.585,14.059,12.958,14.601,13.07,12.265,12.476,12.438,11.078,11.105,12.86,15.503,0,0
3758405586,4.261350004,27.902,13.658,20.18,14.654,8.735,19.88,1630.352,0.836,395.832,24.982,14.286,9.48,0,0,0,0,0,5921.736,1.586,0,262.631,10.171,143.649,14.799,132.942,7.921,6.843,25.993,259.15,30.07,4.071,2.457,26.171,16.975,25.534,-3.704,0,12.386,4.465,1,0,3.966,3.117,0.001,1.087,2.903,0.004,0.005,15.125,12.276,12.548,13.29,12.724,12.559,14.06,12.968,14.621,13.068,12.259,12.47,12.443,11.083,11.106,12.851,15.525,0,0
3758405588,4.29446667,27.895,13.666,20.18,14.683,8.732,19.879,1623.613,0.83,395.839,25.013,14.286,9.474,0,0,0,0,0,5952.195,1.558,0,262.561,10.179,143.656,14.78,133.026,7.94,6.805,26.018,259.331,30.096,4.072,2.457,26.189,16.975,25.555,-3.704,0,12.409,4.469,1,0,3.963,3.115,0.001,1.123,2.861,0.004,0.005,15.148,12.281,12.53,13.29,12.725,12.561,14.066,12.968,14.631,13.069,12.258,12.468,12.444,11.061,11.087,12.865,15.53,0,0
3758405589,4.31891667,27.902,13.695,20.18,14.709,8.716,19.88,1623.732,0.822,395.863,25.012,14.286,9.53,0,0,0,0,0,5906.39,1.587,0,261.855,10.181,143.695,14.818,133.034,7.942,6.842,26.005,259.246,30.084,4.073,2.457,26.19,16.975,25.544,-3.704,0,12.423,4.48,1,0,3.954,3.133,0.001,1.214,2.786,0.004,0.005,15.152,12.292,12.54,13.289,12.724,12.567,14.08,12.966,14.652,13.059,12.259,12.459,12.448,11.081,11.094,12.868,15.534,0,0
3758405592,4.35593334,27.887,13.67,20.18,14.678,8.727,19.764,1630.927,0.808,395.861,24.981,14.286,9.556,0,0,0,0,0,5906.84,1.575,0,261.223,10.183,143.704,14.807,133.048,7.945,6.827,26.019,259.539,30.126,4.1,2.457,26.164,16.975,25.527,-3.704,0,12.418,4.472,1,0,3.943,3.109,0.001,1.148,2.853,0.004,0.005,15.162,12.274,12.517,13.291,12.738,12.569,14.073,12.974,14.69,13.069,12.268,12.437,12.427,11.066,11.073,12.87,15.55,0,0
3758405593,4.385950001,27.891,13.708,20.18,14.673,8.745,19.878,1611.067,0.831,395.862,25,14.286,9.502,0,0,0,0,0,5934.271,1.584,0,261.004,10.197,143.712,14.816,133.095,7.956,6.825,26.033,259.224,30.081,4.042,2.457,26.183,16.975,25.525,-3.704,0,12.434,4.478,1,0,3.939,3.139,0.001,1.273,2.906,0.004,0.005,15.161,12.297,12.54,13.28,12.726,12.565,14.075,12.986,14.669,13.053,12.262,12.452,12.456,11.088,11.1,12.874,15.516,0,0
3758405596,4.424650002,27.901,13.72,20.18,14.696,8.732,19.88,1621.947,0.808,395.848,25.002,14.286,9.47,0,0,0,0,0,5949.785,1.57,0,261.91,10.195,143.779,14.795,133.031,7.942,6.819,26,259.191,30.076,4.07,2.457,26.168,16.975,25.514,-3.704,0,12.429,4.488,1,0,3.954,3.116,0.001,1.299,2.846,0.004,0.005,15.168,12.284,12.534,13.294,12.737,12.566,14.081,13.015,14.697,13.061,12.269,12.462,12.455,11.079,11.098,12.873,15.536,0,0
3758405597,4.452833335,27.882,13.66,20.179,14.686,8.725,19.88,1643.997,0.82,395.864,24.993,14.287,9.469,0,0,0,0,0,5926.92,1.588,0,262.526,10.196,143.77,14.792,133.084,7.954,6.804,26.001,259.423,30.109,4.102,2.457,26.179,16.975,25.553,-3.704,0,12.448,4.494,1,0,3.963,3.099,0.001,1.119,2.839,0.004,0.005,15.157,12.271,12.509,13.275,12.714,12.562,14.072,13.005,14.697,13.058,12.252,12.449,12.437,11.073,11.085,12.884,15.518,0,0
3758405599,4.476633334,27.882,13.725,20.18,14.703,8.742,19.763,1644.052,0.846,395.885,25.01,14.287,9.613,0,0,0,0,0,5956.257,1.571,0,261.262,10.206,143.771,14.759,133.062,7.949,6.775,26.027,259.326,30.096,4.062,2.457,26.197,16.975,25.566,-3.704,0,12.429,4.481,1,0,3.942,3.177,0.001,1.341,2.862,0.004,0.005,15.2,12.281,12.53,13.287,12.719,12.566,14.071,13.013,14.706,13.067,12.259,12.461,12.45,11.088,11.084,12.878,15.532,0,0
3758405600,4.503866673,27.883,13.681,20.18,14.701,8.71,19.861,1638.897,0.822,395.887,25,14.285,9.756,0,0,0,0,0,5956.465,1.584,0,261.104,10.201,143.817,14.76,132.975,7.929,6.796,26.021,259.517,30.123,4.096,2.457,26.175,16.975,25.535,-3.704,0,12.454,4.525,1,0,3.941,3.165,0.001,1.192,2.782,0.004,0.005,15.239,12.283,12.532,13.282,12.719,12.567,14.087,13.01,14.673,13.054,12.251,12.466,12.444,11.085,11.087,12.889,15.528,0,0
3758405602,4.534016673,27.898,13.667,20.179,14.679,8.719,19.88,1627.885,0.84,395.824,25.004,14.286,9.714,0,0,0,0,0,5950.365,1.592,0,259.747,10.188,143.795,14.766,132.996,7.933,6.798,26.033,259.553,30.127,4.088,2.457,26.194,16.975,25.526,-3.704,0,12.446,4.512,1,0,3.92,3.14,0.001,1.123,2.831,0.004,0.005,15.227,12.293,12.529,13.302,12.74,12.579,14.096,13.013,14.698,13.058,12.258,12.467,12.45,11.087,11.1,12.885,15.54,0,0
3758405604,4.565383339,27.9,13.67,20.179,14.673,8.729,19.764,1666.742,0.827,395.837,24.985,14.286,9.755,0,0,0,0,0,5962.536,1.563,0,262.512,10.198,143.736,14.743,132.932,7.919,6.79,26.048,259.371,30.102,4.047,2.457,26.195,16.975,25.537,-3.704,0,12.447,4.528,1,0,3.961,3.115,0.001,1.128,2.865,0.004,0.005,15.214,12.29,12.534,13.28,12.72,12.559,14.087,12.999,14.701,13.05,12.252,12.457,12.439,11.09,11.094,12.882,15.533,0,0
3758405606,4.593800004,27.876,13.645,20.18,14.7,8.72,19.764,1635.02,0.872,395.856,25.002,14.288,9.914,0,0,0,0,0,5915.179,1.583,0,261.886,10.186,143.784,14.713,132.966,7.927,6.752,26.015,259.319,30.095,4.073,2.457,26.183,16.975,25.537,-3.704,0,12.434,4.507,1,0,3.951,3.177,0.001,1.075,2.808,0.004,0.005,15.21,12.304,12.547,13.303,12.735,12.579,14.098,13.02,14.718,13.063,12.274,12.474,12.449,11.097,11.104,12.87,15.535,0,0
3758405608,4.623300004,27.894,13.693,20.18,14.7,8.73,19.763,1631.822,0.835,395.896,24.973,14.285,10.019,0,0,0,0,0,5947.309,1.574,0,261.497,10.187,143.726,14.719,132.976,7.929,6.755,26.04,259.288,30.09,4.044,2.457,26.18,16.975,25.577,-3.704,0,12.431,4.502,1,0,3.945,3.144,0,1.219,2.837,0.004,0.005,15.179,12.309,12.554,13.316,12.745,12.577,14.092,13.016,14.714,13.07,12.288,12.483,12.459,11.107,11.115,12.873,15.539,0,0
3758405609,4.653050001,27.887,13.72,20.18,14.687,8.72,19.88,1600.553,0.832,395.833,25.037,14.286,9.896,0,0,0,0,0,5934.016,1.556,0,263.17,10.196,143.731,14.674,132.938,7.92,6.719,26.028,259.387,30.104,4.07,2.457,26.191,16.975,25.541,-3.704,0,12.446,4.525,1,0,3.97,3.164,0.001,1.321,2.825,0.004,0.005,15.173,12.298,12.557,13.353,12.75,12.585,14.094,13.016,14.737,13.07,12.283,12.477,12.463,11.099,11.102,12.877,15.545,0,0
3758405611,4.683033339,27.892,13.667,20.18,14.672,8.72,19.88,1654.529,0.796,395.846,24.992,14.285,9.977,0,0,0,0,0,5903.251,1.566,0,262.091,10.204,143.773,14.66,132.82,7.894,6.731,26.017,259.191,30.076,4.053,2.457,26.181,16.975,25.53,-3.704,0,12.435,4.541,1,0,3.954,3.066,0.001,1.132,2.842,0.004,0.005,15.136,12.302,12.555,13.348,12.763,12.588,14.107,13.053,14.717,13.092,12.299,12.479,12.467,11.094,11.107,12.871,15.541,0,0
3758405613,4.713166674,27.883,13.65,20.18,14.683,8.732,19.764,1627.152,0.858,395.832,25.039,14.286,10.133,0,0,0,0,0,5919.77,1.582,0,262.561,10.204,143.809,14.636,133.126,7.963,6.638,26.001,259.271,30.088,4.08,2.457,26.187,16.975,25.564,-3.704,0,12.441,4.478,1,0,3.96,3.15,0.001,1.085,2.861,0.004,0.005,15.131,12.31,12.566,13.33,12.759,12.572,14.108,13.031,14.733,13.092,12.294,12.48,12.466,11.114,11.11,12.871,15.529,0,0
3758405615,4.743500002,27.868,13.651,20.18,14.692,8.725,19.763,1640.052,0.826,395.854,25.007,14.286,10.18,0,0,0,0,0,5946.91,1.593,0,263.102,10.206,143.812,14.593,133.216,7.983,6.575,26.017,259.236,30.083,4.059,2.457,26.178,16.975,25.539,-3.704,0,12.442,4.459,1,0,3.966,3.103,0.001,1.108,2.831,0.004,0.005,15.13,12.313,12.56,13.333,12.775,12.584,14.122,13.041,14.738,13.107,12.313,12.505,12.486,11.123,11.133,12.868,15.528,0,0
3758405617,4.774716671,27.884,13.678,20.18,14.696,8.737,19.88,1625.13,0.841,395.863,24.992,14.285,10.135,0,0,0,0,0,5964.293,1.59,0,262.154,10.207,143.821,14.563,133.049,7.946,6.583,26.032,259.558,30.128,4.09,2.457,26.193,16.975,25.547,-3.704,0,12.424,4.478,1,0,3.951,3.139,0.001,1.179,2.859,0.004,0.005,15.119,12.304,12.552,13.346,12.759,12.595,14.11,13.039,14.754,13.097,12.295,12.481,12.485,11.115,11.119,12.86,15.521,0,0
3758405618,4.798683333,27.861,13.662,20.18,14.68,8.75,19.764,1625.036,0.824,395.833,25.034,14.286,10.182,0,0,0,0,0,5959.552,1.582,0,262.591,10.222,143.825,14.542,133.235,7.987,6.521,25.998,259.52,30.123,4.119,2.457,26.184,16.975,25.545,-3.704,0,12.435,4.448,1,0,3.958,3.092,0.001,1.155,2.912,0.004,0.005,15.127,12.311,12.568,13.365,12.77,12.602,14.126,13.047,14.771,13.105,12.319,12.489,12.483,11.124,11.13,12.861,15.535,0,0
3758405620,4.834483337,27.86,13.655,20.18,14.667,8.729,19.879,1626.813,0.822,395.854,25.004,14.285,10.146,0,0,0,0,0,5959.198,1.574,0,259.574,10.224,143.896,14.497,133.116,7.961,6.502,26.024,259.08,30.061,4.03,2.457,26.196,16.975,25.54,-3.704,0,12.443,4.482,1,0,3.911,3.099,0.001,1.133,2.874,0.004,0.005,15.132,12.316,12.572,13.353,12.779,12.592,14.102,13.029,14.76,13.112,12.311,12.492,12.48,11.121,11.127,12.87,15.52,0,0
3758405622,4.862866672,27.855,13.643,20.18,14.668,8.734,19.763,1657.487,0.826,395.833,25.012,14.286,10.182,0,0,0,0,0,5932.429,1.585,0,260.623,10.209,143.905,14.447,133.117,7.961,6.452,26.013,259.379,30.103,4.084,2.457,26.203,16.975,25.538,-3.704,0,12.45,4.489,1,0,3.926,3.091,0.001,1.096,2.885,0.004,0.005,15.124,12.319,12.58,13.339,12.764,12.59,14.111,13.028,14.754,13.09,12.312,12.491,12.479,11.12,11.134,12.869,15.53,0,0
3758405624,4.898600006,27.864,13.692,20.18,14.694,8.739,19.763,1664.294,0.861,395.848,25.013,14.286,10.157,0,0,0,0,0,5951.085,1.577,0,259.028,10.191,143.835,14.41,133.028,7.941,6.435,26.01,259.21,30.079,4.063,2.457,26.193,16.975,25.568,-3.704,0,12.448,4.507,1,0,3.901,3.182,0.001,1.254,2.865,0.004,0.005,15.114,12.309,12.563,13.324,12.767,12.586,14.103,13.016,14.739,13.073,12.299,12.459,12.462,11.119,11.116,12.858,15.534,0,0
3758405626,4.928483335,27.858,13.646,20.18,14.675,8.764,19.879,1667.912,0.869,395.862,25.01,14.286,10.306,0,0,0,0,0,5937.292,1.586,0,261.107,10.202,143.75,14.41,133.011,7.937,6.438,26.038,259.368,30.101,4.057,2.457,26.186,16.975,25.569,-3.704,0,12.446,4.509,1,0,3.932,3.146,0.001,1.102,2.953,0.004,0.005,15.113,12.322,12.571,13.337,12.759,12.591,14.093,13.009,14.732,13.084,12.296,12.487,12.468,11.115,11.118,12.854,15.521,0,0
3758405628,4.955900002,27.868,13.67,20.179,14.689,8.732,19.764,1630.933,0.873,395.849,25.005,14.288,10.335,0,0,0,0,0,5953.447,1.579,0,262.186,10.198,143.803,14.35,133,7.934,6.381,26.024,259.298,30.091,4.061,2.457,26.201,16.975,25.555,-3.704,0,12.433,4.498,1,0,3.947,3.191,0.001,1.171,2.852,0.004,0.005,15.116,12.305,12.562,13.354,12.772,12.594,14.106,13.023,14.731,13.087,12.311,12.483,12.464,11.122,11.132,12.857,15.539,0,0
3758405630,4.9932,27.85,13.668,20.18,14.683,8.759,19.764,1636.812,0.831,395.9,25.006,14.286,10.334,0,0,0,0,0,5940.731,1.578,0,261.123,10.182,143.783,14.344,132.879,7.908,6.402,26.035,259.598,30.134,4.093,2.457,26.2,16.975,25.563,-3.704,0,12.431,4.524,1,0,3.931,3.102,0.001,1.189,2.932,0.004,0.005,15.102,12.307,12.566,13.325,12.757,12.59,14.112,13.015,14.706,13.092,12.3,12.485,12.472,11.119,11.122,12.857,15.528,0,0
3758405631,5.021000004,27.91,13.68,20.179,14.696,8.726,19.764,1640.127,0.837,395.864,25.001,14.287,10.24,0,0,0,0,0,5939.325,1.574,0,261.866,10.191,143.705,14.355,132.937,7.92,6.4,26.036,259.644,30.14,4.099,2.457,26.184,16.975,25.562,-3.704,0,12.438,4.518,1,0,3.942,3.141,0.001,1.152,2.828,0.004,0.005,15.09,12.301,12.556,13.34,12.774,12.604,14.103,13.014,14.702,13.112,12.306,12.474,12.461,11.105,11.12,12.858,15.513,0,0
